<?xml version='1.0' encoding='utf-8'?>
<Root>
  <Row>
    <WORD_ID>4d930cb4-d830-11ef-bd62-acde48001122</WORD_ID>
    <GROUP_ID>63337c02-d830-11ef-bd62-acde48001122</GROUP_ID>
    </Row>
  <Row>
    <WORD_ID>4d997626-d830-11ef-bd62-acde48001122</WORD_ID>
    <GROUP_ID>63337c02-d830-11ef-bd62-acde48001122</GROUP_ID>
    </Row>
  <Row>
    <WORD_ID>4d8153f2-d830-11ef-bd62-acde48001122</WORD_ID>
    <GROUP_ID>63337c02-d830-11ef-bd62-acde48001122</GROUP_ID>
    </Row>
  <Row>
    <WORD_ID>4d8721e2-d830-11ef-bd62-acde48001122</WORD_ID>
    <GROUP_ID>63337c02-d830-11ef-bd62-acde48001122</GROUP_ID>
    </Row>
  <Row>
    <WORD_ID>4d930cb4-d830-11ef-bd62-acde48001122</WORD_ID>
    <GROUP_ID>57a3ebc4-d830-11ef-bd62-acde48001122</GROUP_ID>
    </Row>
  <Row>
    <WORD_ID>4d997626-d830-11ef-bd62-acde48001122</WORD_ID>
    <GROUP_ID>57a3ebc4-d830-11ef-bd62-acde48001122</GROUP_ID>
    </Row>
  </Root>
