<?xml version='1.0' encoding='utf-8'?>
<Root>
  <Row>
    <WORD_ID>4db28ba2-d830-11ef-bd62-acde48001122</WORD_ID>
    <ARTICLE_ID>4d480674-d830-11ef-bd62-acde48001122</ARTICLE_ID>
    <LENGTH>1</LENGTH>
    <PAGE>1</PAGE>
    <LINE>1</LINE>
    <PLACE_IN_LINE>11</PLACE_IN_LINE>
    </Row>
  <Row>
    <WORD_ID>4db89fce-d830-11ef-bd62-acde48001122</WORD_ID>
    <ARTICLE_ID>4d480674-d830-11ef-bd62-acde48001122</ARTICLE_ID>
    <LENGTH>5</LENGTH>
    <PAGE>1</PAGE>
    <LINE>1</LINE>
    <PLACE_IN_LINE>12</PLACE_IN_LINE>
    </Row>
  <Row>
    <WORD_ID>4dbec340-d830-11ef-bd62-acde48001122</WORD_ID>
    <ARTICLE_ID>4d480674-d830-11ef-bd62-acde48001122</ARTICLE_ID>
    <LENGTH>7</LENGTH>
    <PAGE>1</PAGE>
    <LINE>1</LINE>
    <PLACE_IN_LINE>13</PLACE_IN_LINE>
    </Row>
  <Row>
    <WORD_ID>4dc54a9e-d830-11ef-bd62-acde48001122</WORD_ID>
    <ARTICLE_ID>4d480674-d830-11ef-bd62-acde48001122</ARTICLE_ID>
    <LENGTH>2</LENGTH>
    <PAGE>1</PAGE>
    <LINE>1</LINE>
    <PLACE_IN_LINE>14</PLACE_IN_LINE>
    </Row>
  <Row>
    <WORD_ID>4dcb9390-d830-11ef-bd62-acde48001122</WORD_ID>
    <ARTICLE_ID>4d480674-d830-11ef-bd62-acde48001122</ARTICLE_ID>
    <LENGTH>6</LENGTH>
    <PAGE>1</PAGE>
    <LINE>1</LINE>
    <PLACE_IN_LINE>15</PLACE_IN_LINE>
    </Row>
  <Row>
    <WORD_ID>4dd1fcc6-d830-11ef-bd62-acde48001122</WORD_ID>
    <ARTICLE_ID>4d480674-d830-11ef-bd62-acde48001122</ARTICLE_ID>
    <LENGTH>3</LENGTH>
    <PAGE>1</PAGE>
    <LINE>2</LINE>
    <PLACE_IN_LINE>1</PLACE_IN_LINE>
    </Row>
  <Row>
    <WORD_ID>4dc54a9e-d830-11ef-bd62-acde48001122</WORD_ID>
    <ARTICLE_ID>4d480674-d830-11ef-bd62-acde48001122</ARTICLE_ID>
    <LENGTH>2</LENGTH>
    <PAGE>1</PAGE>
    <LINE>2</LINE>
    <PLACE_IN_LINE>2</PLACE_IN_LINE>
    </Row>
  <Row>
    <WORD_ID>4ddcace8-d830-11ef-bd62-acde48001122</WORD_ID>
    <ARTICLE_ID>4d480674-d830-11ef-bd62-acde48001122</ARTICLE_ID>
    <LENGTH>8</LENGTH>
    <PAGE>1</PAGE>
    <LINE>2</LINE>
    <PLACE_IN_LINE>3</PLACE_IN_LINE>
    </Row>
  <Row>
    <WORD_ID>4de27a7e-d830-11ef-bd62-acde48001122</WORD_ID>
    <ARTICLE_ID>4d480674-d830-11ef-bd62-acde48001122</ARTICLE_ID>
    <LENGTH>6</LENGTH>
    <PAGE>1</PAGE>
    <LINE>2</LINE>
    <PLACE_IN_LINE>4</PLACE_IN_LINE>
    </Row>
  <Row>
    <WORD_ID>4df1bfc0-d830-11ef-bd62-acde48001122</WORD_ID>
    <ARTICLE_ID>4d480674-d830-11ef-bd62-acde48001122</ARTICLE_ID>
    <LENGTH>5</LENGTH>
    <PAGE>1</PAGE>
    <LINE>2</LINE>
    <PLACE_IN_LINE>5</PLACE_IN_LINE>
    </Row>
  <Row>
    <WORD_ID>4df78fa4-d830-11ef-bd62-acde48001122</WORD_ID>
    <ARTICLE_ID>4d480674-d830-11ef-bd62-acde48001122</ARTICLE_ID>
    <LENGTH>8</LENGTH>
    <PAGE>1</PAGE>
    <LINE>2</LINE>
    <PLACE_IN_LINE>6</PLACE_IN_LINE>
    </Row>
  <Row>
    <WORD_ID>4dfd1d34-d830-11ef-bd62-acde48001122</WORD_ID>
    <ARTICLE_ID>4d480674-d830-11ef-bd62-acde48001122</ARTICLE_ID>
    <LENGTH>2</LENGTH>
    <PAGE>1</PAGE>
    <LINE>2</LINE>
    <PLACE_IN_LINE>7</PLACE_IN_LINE>
    </Row>
  <Row>
    <WORD_ID>4e032c60-d830-11ef-bd62-acde48001122</WORD_ID>
    <ARTICLE_ID>4d480674-d830-11ef-bd62-acde48001122</ARTICLE_ID>
    <LENGTH>3</LENGTH>
    <PAGE>1</PAGE>
    <LINE>2</LINE>
    <PLACE_IN_LINE>8</PLACE_IN_LINE>
    </Row>
  <Row>
    <WORD_ID>4e09482a-d830-11ef-bd62-acde48001122</WORD_ID>
    <ARTICLE_ID>4d480674-d830-11ef-bd62-acde48001122</ARTICLE_ID>
    <LENGTH>5</LENGTH>
    <PAGE>1</PAGE>
    <LINE>2</LINE>
    <PLACE_IN_LINE>9</PLACE_IN_LINE>
    </Row>
  <Row>
    <WORD_ID>4e0eda56-d830-11ef-bd62-acde48001122</WORD_ID>
    <ARTICLE_ID>4d480674-d830-11ef-bd62-acde48001122</ARTICLE_ID>
    <LENGTH>2</LENGTH>
    <PAGE>1</PAGE>
    <LINE>2</LINE>
    <PLACE_IN_LINE>10</PLACE_IN_LINE>
    </Row>
  <Row>
    <WORD_ID>4e032c60-d830-11ef-bd62-acde48001122</WORD_ID>
    <ARTICLE_ID>4d480674-d830-11ef-bd62-acde48001122</ARTICLE_ID>
    <LENGTH>3</LENGTH>
    <PAGE>1</PAGE>
    <LINE>2</LINE>
    <PLACE_IN_LINE>11</PLACE_IN_LINE>
    </Row>
  <Row>
    <WORD_ID>4e192984-d830-11ef-bd62-acde48001122</WORD_ID>
    <ARTICLE_ID>4d480674-d830-11ef-bd62-acde48001122</ARTICLE_ID>
    <LENGTH>6</LENGTH>
    <PAGE>1</PAGE>
    <LINE>2</LINE>
    <PLACE_IN_LINE>12</PLACE_IN_LINE>
    </Row>
  <Row>
    <WORD_ID>4e1f160a-d830-11ef-bd62-acde48001122</WORD_ID>
    <ARTICLE_ID>4d480674-d830-11ef-bd62-acde48001122</ARTICLE_ID>
    <LENGTH>4</LENGTH>
    <PAGE>1</PAGE>
    <LINE>2</LINE>
    <PLACE_IN_LINE>13</PLACE_IN_LINE>
    </Row>
  <Row>
    <WORD_ID>4e24c500-d830-11ef-bd62-acde48001122</WORD_ID>
    <ARTICLE_ID>4d480674-d830-11ef-bd62-acde48001122</ARTICLE_ID>
    <LENGTH>7</LENGTH>
    <PAGE>1</PAGE>
    <LINE>2</LINE>
    <PLACE_IN_LINE>14</PLACE_IN_LINE>
    </Row>
  <Row>
    <WORD_ID>4e2aeb10-d830-11ef-bd62-acde48001122</WORD_ID>
    <ARTICLE_ID>4d480674-d830-11ef-bd62-acde48001122</ARTICLE_ID>
    <LENGTH>2</LENGTH>
    <PAGE>1</PAGE>
    <LINE>3</LINE>
    <PLACE_IN_LINE>1</PLACE_IN_LINE>
    </Row>
  <Row>
    <WORD_ID>4e3112ce-d830-11ef-bd62-acde48001122</WORD_ID>
    <ARTICLE_ID>4d480674-d830-11ef-bd62-acde48001122</ARTICLE_ID>
    <LENGTH>3</LENGTH>
    <PAGE>1</PAGE>
    <LINE>3</LINE>
    <PLACE_IN_LINE>2</PLACE_IN_LINE>
    </Row>
  <Row>
    <WORD_ID>4e372592-d830-11ef-bd62-acde48001122</WORD_ID>
    <ARTICLE_ID>4d480674-d830-11ef-bd62-acde48001122</ARTICLE_ID>
    <LENGTH>12</LENGTH>
    <PAGE>1</PAGE>
    <LINE>3</LINE>
    <PLACE_IN_LINE>3</PLACE_IN_LINE>
    </Row>
  <Row>
    <WORD_ID>4d997626-d830-11ef-bd62-acde48001122</WORD_ID>
    <ARTICLE_ID>4d480674-d830-11ef-bd62-acde48001122</ARTICLE_ID>
    <LENGTH>6</LENGTH>
    <PAGE>1</PAGE>
    <LINE>3</LINE>
    <PLACE_IN_LINE>4</PLACE_IN_LINE>
    </Row>
  <Row>
    <WORD_ID>4e41961c-d830-11ef-bd62-acde48001122</WORD_ID>
    <ARTICLE_ID>4d480674-d830-11ef-bd62-acde48001122</ARTICLE_ID>
    <LENGTH>4</LENGTH>
    <PAGE>1</PAGE>
    <LINE>3</LINE>
    <PLACE_IN_LINE>5</PLACE_IN_LINE>
    </Row>
  <Row>
    <WORD_ID>4e47e706-d830-11ef-bd62-acde48001122</WORD_ID>
    <ARTICLE_ID>4d480674-d830-11ef-bd62-acde48001122</ARTICLE_ID>
    <LENGTH>4</LENGTH>
    <PAGE>1</PAGE>
    <LINE>3</LINE>
    <PLACE_IN_LINE>6</PLACE_IN_LINE>
    </Row>
  <Row>
    <WORD_ID>4e4e1bc6-d830-11ef-bd62-acde48001122</WORD_ID>
    <ARTICLE_ID>4d480674-d830-11ef-bd62-acde48001122</ARTICLE_ID>
    <LENGTH>2</LENGTH>
    <PAGE>1</PAGE>
    <LINE>3</LINE>
    <PLACE_IN_LINE>7</PLACE_IN_LINE>
    </Row>
  <Row>
    <WORD_ID>4e546ddc-d830-11ef-bd62-acde48001122</WORD_ID>
    <ARTICLE_ID>4d480674-d830-11ef-bd62-acde48001122</ARTICLE_ID>
    <LENGTH>5</LENGTH>
    <PAGE>1</PAGE>
    <LINE>3</LINE>
    <PLACE_IN_LINE>8</PLACE_IN_LINE>
    </Row>
  <Row>
    <WORD_ID>4e5a8a82-d830-11ef-bd62-acde48001122</WORD_ID>
    <ARTICLE_ID>4d480674-d830-11ef-bd62-acde48001122</ARTICLE_ID>
    <LENGTH>5</LENGTH>
    <PAGE>1</PAGE>
    <LINE>3</LINE>
    <PLACE_IN_LINE>9</PLACE_IN_LINE>
    </Row>
  <Row>
    <WORD_ID>4d7514f2-d830-11ef-bd62-acde48001122</WORD_ID>
    <ARTICLE_ID>4d480674-d830-11ef-bd62-acde48001122</ARTICLE_ID>
    <LENGTH>3</LENGTH>
    <PAGE>1</PAGE>
    <LINE>1</LINE>
    <PLACE_IN_LINE>1</PLACE_IN_LINE>
    </Row>
  <Row>
    <WORD_ID>4d7ba98e-d830-11ef-bd62-acde48001122</WORD_ID>
    <ARTICLE_ID>4d480674-d830-11ef-bd62-acde48001122</ARTICLE_ID>
    <LENGTH>3</LENGTH>
    <PAGE>1</PAGE>
    <LINE>1</LINE>
    <PLACE_IN_LINE>2</PLACE_IN_LINE>
    </Row>
  <Row>
    <WORD_ID>4d8153f2-d830-11ef-bd62-acde48001122</WORD_ID>
    <ARTICLE_ID>4d480674-d830-11ef-bd62-acde48001122</ARTICLE_ID>
    <LENGTH>6</LENGTH>
    <PAGE>1</PAGE>
    <LINE>1</LINE>
    <PLACE_IN_LINE>3</PLACE_IN_LINE>
    </Row>
  <Row>
    <WORD_ID>4d8721e2-d830-11ef-bd62-acde48001122</WORD_ID>
    <ARTICLE_ID>4d480674-d830-11ef-bd62-acde48001122</ARTICLE_ID>
    <LENGTH>8</LENGTH>
    <PAGE>1</PAGE>
    <LINE>1</LINE>
    <PLACE_IN_LINE>4</PLACE_IN_LINE>
    </Row>
  <Row>
    <WORD_ID>4d8cf0b8-d830-11ef-bd62-acde48001122</WORD_ID>
    <ARTICLE_ID>4d480674-d830-11ef-bd62-acde48001122</ARTICLE_ID>
    <LENGTH>12</LENGTH>
    <PAGE>1</PAGE>
    <LINE>1</LINE>
    <PLACE_IN_LINE>5</PLACE_IN_LINE>
    </Row>
  <Row>
    <WORD_ID>4d930cb4-d830-11ef-bd62-acde48001122</WORD_ID>
    <ARTICLE_ID>4d480674-d830-11ef-bd62-acde48001122</ARTICLE_ID>
    <LENGTH>7</LENGTH>
    <PAGE>1</PAGE>
    <LINE>1</LINE>
    <PLACE_IN_LINE>6</PLACE_IN_LINE>
    </Row>
  <Row>
    <WORD_ID>4d997626-d830-11ef-bd62-acde48001122</WORD_ID>
    <ARTICLE_ID>4d480674-d830-11ef-bd62-acde48001122</ARTICLE_ID>
    <LENGTH>6</LENGTH>
    <PAGE>1</PAGE>
    <LINE>1</LINE>
    <PLACE_IN_LINE>7</PLACE_IN_LINE>
    </Row>
  <Row>
    <WORD_ID>4d9fe182-d830-11ef-bd62-acde48001122</WORD_ID>
    <ARTICLE_ID>4d480674-d830-11ef-bd62-acde48001122</ARTICLE_ID>
    <LENGTH>2</LENGTH>
    <PAGE>1</PAGE>
    <LINE>1</LINE>
    <PLACE_IN_LINE>8</PLACE_IN_LINE>
    </Row>
  <Row>
    <WORD_ID>4da64cac-d830-11ef-bd62-acde48001122</WORD_ID>
    <ARTICLE_ID>4d480674-d830-11ef-bd62-acde48001122</ARTICLE_ID>
    <LENGTH>7</LENGTH>
    <PAGE>1</PAGE>
    <LINE>1</LINE>
    <PLACE_IN_LINE>9</PLACE_IN_LINE>
    </Row>
  <Row>
    <WORD_ID>4dac7d16-d830-11ef-bd62-acde48001122</WORD_ID>
    <ARTICLE_ID>4d480674-d830-11ef-bd62-acde48001122</ARTICLE_ID>
    <LENGTH>6</LENGTH>
    <PAGE>1</PAGE>
    <LINE>1</LINE>
    <PLACE_IN_LINE>10</PLACE_IN_LINE>
    </Row>
  <Row>
    <WORD_ID>4e60c06e-d830-11ef-bd62-acde48001122</WORD_ID>
    <ARTICLE_ID>4d480674-d830-11ef-bd62-acde48001122</ARTICLE_ID>
    <LENGTH>2</LENGTH>
    <PAGE>1</PAGE>
    <LINE>3</LINE>
    <PLACE_IN_LINE>10</PLACE_IN_LINE>
    </Row>
  <Row>
    <WORD_ID>4dc54a9e-d830-11ef-bd62-acde48001122</WORD_ID>
    <ARTICLE_ID>4d480674-d830-11ef-bd62-acde48001122</ARTICLE_ID>
    <LENGTH>2</LENGTH>
    <PAGE>1</PAGE>
    <LINE>3</LINE>
    <PLACE_IN_LINE>11</PLACE_IN_LINE>
    </Row>
  <Row>
    <WORD_ID>4e032c60-d830-11ef-bd62-acde48001122</WORD_ID>
    <ARTICLE_ID>4d480674-d830-11ef-bd62-acde48001122</ARTICLE_ID>
    <LENGTH>3</LENGTH>
    <PAGE>1</PAGE>
    <LINE>3</LINE>
    <PLACE_IN_LINE>12</PLACE_IN_LINE>
    </Row>
  <Row>
    <WORD_ID>4e6f51a6-d830-11ef-bd62-acde48001122</WORD_ID>
    <ARTICLE_ID>4d480674-d830-11ef-bd62-acde48001122</ARTICLE_ID>
    <LENGTH>11</LENGTH>
    <PAGE>1</PAGE>
    <LINE>3</LINE>
    <PLACE_IN_LINE>13</PLACE_IN_LINE>
    </Row>
  <Row>
    <WORD_ID>4dfd1d34-d830-11ef-bd62-acde48001122</WORD_ID>
    <ARTICLE_ID>4d480674-d830-11ef-bd62-acde48001122</ARTICLE_ID>
    <LENGTH>2</LENGTH>
    <PAGE>1</PAGE>
    <LINE>3</LINE>
    <PLACE_IN_LINE>14</PLACE_IN_LINE>
    </Row>
  <Row>
    <WORD_ID>4e032c60-d830-11ef-bd62-acde48001122</WORD_ID>
    <ARTICLE_ID>4d480674-d830-11ef-bd62-acde48001122</ARTICLE_ID>
    <LENGTH>3</LENGTH>
    <PAGE>1</PAGE>
    <LINE>3</LINE>
    <PLACE_IN_LINE>15</PLACE_IN_LINE>
    </Row>
  <Row>
    <WORD_ID>4e7e4878-d830-11ef-bd62-acde48001122</WORD_ID>
    <ARTICLE_ID>4d480674-d830-11ef-bd62-acde48001122</ARTICLE_ID>
    <LENGTH>10</LENGTH>
    <PAGE>1</PAGE>
    <LINE>3</LINE>
    <PLACE_IN_LINE>16</PLACE_IN_LINE>
    </Row>
  <Row>
    <WORD_ID>4e84651e-d830-11ef-bd62-acde48001122</WORD_ID>
    <ARTICLE_ID>4d480674-d830-11ef-bd62-acde48001122</ARTICLE_ID>
    <LENGTH>5</LENGTH>
    <PAGE>1</PAGE>
    <LINE>3</LINE>
    <PLACE_IN_LINE>17</PLACE_IN_LINE>
    </Row>
  <Row>
    <WORD_ID>4e8a3746-d830-11ef-bd62-acde48001122</WORD_ID>
    <ARTICLE_ID>4d480674-d830-11ef-bd62-acde48001122</ARTICLE_ID>
    <LENGTH>4</LENGTH>
    <PAGE>1</PAGE>
    <LINE>4</LINE>
    <PLACE_IN_LINE>1</PLACE_IN_LINE>
    </Row>
  <Row>
    <WORD_ID>4e908f42-d830-11ef-bd62-acde48001122</WORD_ID>
    <ARTICLE_ID>4d480674-d830-11ef-bd62-acde48001122</ARTICLE_ID>
    <LENGTH>5</LENGTH>
    <PAGE>1</PAGE>
    <LINE>4</LINE>
    <PLACE_IN_LINE>2</PLACE_IN_LINE>
    </Row>
  <Row>
    <WORD_ID>4e966d2c-d830-11ef-bd62-acde48001122</WORD_ID>
    <ARTICLE_ID>4d480674-d830-11ef-bd62-acde48001122</ARTICLE_ID>
    <LENGTH>2</LENGTH>
    <PAGE>1</PAGE>
    <LINE>4</LINE>
    <PLACE_IN_LINE>3</PLACE_IN_LINE>
    </Row>
  <Row>
    <WORD_ID>4e9c9b0c-d830-11ef-bd62-acde48001122</WORD_ID>
    <ARTICLE_ID>4d480674-d830-11ef-bd62-acde48001122</ARTICLE_ID>
    <LENGTH>4</LENGTH>
    <PAGE>1</PAGE>
    <LINE>4</LINE>
    <PLACE_IN_LINE>4</PLACE_IN_LINE>
    </Row>
  <Row>
    <WORD_ID>4dc54a9e-d830-11ef-bd62-acde48001122</WORD_ID>
    <ARTICLE_ID>4d480674-d830-11ef-bd62-acde48001122</ARTICLE_ID>
    <LENGTH>2</LENGTH>
    <PAGE>1</PAGE>
    <LINE>4</LINE>
    <PLACE_IN_LINE>5</PLACE_IN_LINE>
    </Row>
  <Row>
    <WORD_ID>4ea6ec10-d830-11ef-bd62-acde48001122</WORD_ID>
    <ARTICLE_ID>4d480674-d830-11ef-bd62-acde48001122</ARTICLE_ID>
    <LENGTH>6</LENGTH>
    <PAGE>1</PAGE>
    <LINE>4</LINE>
    <PLACE_IN_LINE>6</PLACE_IN_LINE>
    </Row>
  <Row>
    <WORD_ID>4dc54a9e-d830-11ef-bd62-acde48001122</WORD_ID>
    <ARTICLE_ID>4d480674-d830-11ef-bd62-acde48001122</ARTICLE_ID>
    <LENGTH>2</LENGTH>
    <PAGE>1</PAGE>
    <LINE>4</LINE>
    <PLACE_IN_LINE>7</PLACE_IN_LINE>
    </Row>
  <Row>
    <WORD_ID>4eb06326-d830-11ef-bd62-acde48001122</WORD_ID>
    <ARTICLE_ID>4d480674-d830-11ef-bd62-acde48001122</ARTICLE_ID>
    <LENGTH>5</LENGTH>
    <PAGE>1</PAGE>
    <LINE>4</LINE>
    <PLACE_IN_LINE>8</PLACE_IN_LINE>
    </Row>
  <Row>
    <WORD_ID>4dfd1d34-d830-11ef-bd62-acde48001122</WORD_ID>
    <ARTICLE_ID>4d480674-d830-11ef-bd62-acde48001122</ARTICLE_ID>
    <LENGTH>2</LENGTH>
    <PAGE>1</PAGE>
    <LINE>4</LINE>
    <PLACE_IN_LINE>9</PLACE_IN_LINE>
    </Row>
  <Row>
    <WORD_ID>4ebb14a6-d830-11ef-bd62-acde48001122</WORD_ID>
    <ARTICLE_ID>4d480674-d830-11ef-bd62-acde48001122</ARTICLE_ID>
    <LENGTH>8</LENGTH>
    <PAGE>1</PAGE>
    <LINE>4</LINE>
    <PLACE_IN_LINE>10</PLACE_IN_LINE>
    </Row>
  <Row>
    <WORD_ID>4ec17e9a-d830-11ef-bd62-acde48001122</WORD_ID>
    <ARTICLE_ID>4d480674-d830-11ef-bd62-acde48001122</ARTICLE_ID>
    <LENGTH>4</LENGTH>
    <PAGE>1</PAGE>
    <LINE>4</LINE>
    <PLACE_IN_LINE>11</PLACE_IN_LINE>
    </Row>
  <Row>
    <WORD_ID>4ec83910-d830-11ef-bd62-acde48001122</WORD_ID>
    <ARTICLE_ID>4d480674-d830-11ef-bd62-acde48001122</ARTICLE_ID>
    <LENGTH>4</LENGTH>
    <PAGE>1</PAGE>
    <LINE>4</LINE>
    <PLACE_IN_LINE>12</PLACE_IN_LINE>
    </Row>
  <Row>
    <WORD_ID>4ecf501a-d830-11ef-bd62-acde48001122</WORD_ID>
    <ARTICLE_ID>4d480674-d830-11ef-bd62-acde48001122</ARTICLE_ID>
    <LENGTH>5</LENGTH>
    <PAGE>1</PAGE>
    <LINE>4</LINE>
    <PLACE_IN_LINE>13</PLACE_IN_LINE>
    </Row>
  </Root>
