<?xml version='1.0' encoding='utf-8'?>
<Root>
  <Row>
    <WORD_ID>4dac7d16-d830-11ef-bd62-acde48001122</WORD_ID>
    <WORD>issued</WORD>
    </Row>
  <Row>
    <WORD_ID>4db28ba2-d830-11ef-bd62-acde48001122</WORD_ID>
    <WORD>a</WORD>
    </Row>
  <Row>
    <WORD_ID>4db89fce-d830-11ef-bd62-acde48001122</WORD_ID>
    <WORD>stern</WORD>
    </Row>
  <Row>
    <WORD_ID>4dbec340-d830-11ef-bd62-acde48001122</WORD_ID>
    <WORD>warning</WORD>
    </Row>
  <Row>
    <WORD_ID>4dc54a9e-d830-11ef-bd62-acde48001122</WORD_ID>
    <WORD>to</WORD>
    </Row>
  <Row>
    <WORD_ID>4dcb9390-d830-11ef-bd62-acde48001122</WORD_ID>
    <WORD>Gazans</WORD>
    </Row>
  <Row>
    <WORD_ID>4dd1fcc6-d830-11ef-bd62-acde48001122</WORD_ID>
    <WORD>not</WORD>
    </Row>
  <Row>
    <WORD_ID>4ddcace8-d830-11ef-bd62-acde48001122</WORD_ID>
    <WORD>approach</WORD>
    </Row>
  <Row>
    <WORD_ID>4de27a7e-d830-11ef-bd62-acde48001122</WORD_ID>
    <WORD>troops</WORD>
    </Row>
  <Row>
    <WORD_ID>4df1bfc0-d830-11ef-bd62-acde48001122</WORD_ID>
    <WORD>still</WORD>
    </Row>
  <Row>
    <WORD_ID>4df78fa4-d830-11ef-bd62-acde48001122</WORD_ID>
    <WORD>deployed</WORD>
    </Row>
  <Row>
    <WORD_ID>4dfd1d34-d830-11ef-bd62-acde48001122</WORD_ID>
    <WORD>in</WORD>
    </Row>
  <Row>
    <WORD_ID>4e032c60-d830-11ef-bd62-acde48001122</WORD_ID>
    <WORD>the</WORD>
    </Row>
  <Row>
    <WORD_ID>4e09482a-d830-11ef-bd62-acde48001122</WORD_ID>
    <WORD>Strip</WORD>
    </Row>
  <Row>
    <WORD_ID>4e0eda56-d830-11ef-bd62-acde48001122</WORD_ID>
    <WORD>or</WORD>
    </Row>
  <Row>
    <WORD_ID>4e192984-d830-11ef-bd62-acde48001122</WORD_ID>
    <WORD>border</WORD>
    </Row>
  <Row>
    <WORD_ID>4e1f160a-d830-11ef-bd62-acde48001122</WORD_ID>
    <WORD>with</WORD>
    </Row>
  <Row>
    <WORD_ID>4e24c500-d830-11ef-bd62-acde48001122</WORD_ID>
    <WORD>Israel.</WORD>
    </Row>
  <Row>
    <WORD_ID>4d7514f2-d830-11ef-bd62-acde48001122</WORD_ID>
    <WORD>The</WORD>
    </Row>
  <Row>
    <WORD_ID>4d7ba98e-d830-11ef-bd62-acde48001122</WORD_ID>
    <WORD>IDF</WORD>
    </Row>
  <Row>
    <WORD_ID>4d8153f2-d830-11ef-bd62-acde48001122</WORD_ID>
    <WORD>Arabic</WORD>
    </Row>
  <Row>
    <WORD_ID>4d8721e2-d830-11ef-bd62-acde48001122</WORD_ID>
    <WORD>language</WORD>
    </Row>
  <Row>
    <WORD_ID>4d8cf0b8-d830-11ef-bd62-acde48001122</WORD_ID>
    <WORD>spokesperson</WORD>
    </Row>
  <Row>
    <WORD_ID>4d930cb4-d830-11ef-bd62-acde48001122</WORD_ID>
    <WORD>Avichay</WORD>
    </Row>
  <Row>
    <WORD_ID>4d997626-d830-11ef-bd62-acde48001122</WORD_ID>
    <WORD>Adraee</WORD>
    </Row>
  <Row>
    <WORD_ID>4d9fe182-d830-11ef-bd62-acde48001122</WORD_ID>
    <WORD>on</WORD>
    </Row>
  <Row>
    <WORD_ID>4da64cac-d830-11ef-bd62-acde48001122</WORD_ID>
    <WORD>Tuesday</WORD>
    </Row>
  <Row>
    <WORD_ID>4e2aeb10-d830-11ef-bd62-acde48001122</WORD_ID>
    <WORD>In</WORD>
    </Row>
  <Row>
    <WORD_ID>4e3112ce-d830-11ef-bd62-acde48001122</WORD_ID>
    <WORD>his</WORD>
    </Row>
  <Row>
    <WORD_ID>4e372592-d830-11ef-bd62-acde48001122</WORD_ID>
    <WORD>announcement</WORD>
    </Row>
  <Row>
    <WORD_ID>4e41961c-d830-11ef-bd62-acde48001122</WORD_ID>
    <WORD>said</WORD>
    </Row>
  <Row>
    <WORD_ID>4e47e706-d830-11ef-bd62-acde48001122</WORD_ID>
    <WORD>that</WORD>
    </Row>
  <Row>
    <WORD_ID>4e4e1bc6-d830-11ef-bd62-acde48001122</WORD_ID>
    <WORD>if</WORD>
    </Row>
  <Row>
    <WORD_ID>4e546ddc-d830-11ef-bd62-acde48001122</WORD_ID>
    <WORD>Hamas</WORD>
    </Row>
  <Row>
    <WORD_ID>4e5a8a82-d830-11ef-bd62-acde48001122</WORD_ID>
    <WORD>lived</WORD>
    </Row>
  <Row>
    <WORD_ID>4e60c06e-d830-11ef-bd62-acde48001122</WORD_ID>
    <WORD>up</WORD>
    </Row>
  <Row>
    <WORD_ID>4e6f51a6-d830-11ef-bd62-acde48001122</WORD_ID>
    <WORD>commitments</WORD>
    </Row>
  <Row>
    <WORD_ID>4e7e4878-d830-11ef-bd62-acde48001122</WORD_ID>
    <WORD>cease-fire</WORD>
    </Row>
  <Row>
    <WORD_ID>4e84651e-d830-11ef-bd62-acde48001122</WORD_ID>
    <WORD>deal,</WORD>
    </Row>
  <Row>
    <WORD_ID>4e8a3746-d830-11ef-bd62-acde48001122</WORD_ID>
    <WORD>they</WORD>
    </Row>
  <Row>
    <WORD_ID>4e908f42-d830-11ef-bd62-acde48001122</WORD_ID>
    <WORD>would</WORD>
    </Row>
  <Row>
    <WORD_ID>4e966d2c-d830-11ef-bd62-acde48001122</WORD_ID>
    <WORD>be</WORD>
    </Row>
  <Row>
    <WORD_ID>4e9c9b0c-d830-11ef-bd62-acde48001122</WORD_ID>
    <WORD>able</WORD>
    </Row>
  <Row>
    <WORD_ID>4ea6ec10-d830-11ef-bd62-acde48001122</WORD_ID>
    <WORD>return</WORD>
    </Row>
  <Row>
    <WORD_ID>4eb06326-d830-11ef-bd62-acde48001122</WORD_ID>
    <WORD>areas</WORD>
    </Row>
  <Row>
    <WORD_ID>4ebb14a6-d830-11ef-bd62-acde48001122</WORD_ID>
    <WORD>northern</WORD>
    </Row>
  <Row>
    <WORD_ID>4ec17e9a-d830-11ef-bd62-acde48001122</WORD_ID>
    <WORD>Gaza</WORD>
    </Row>
  <Row>
    <WORD_ID>4ec83910-d830-11ef-bd62-acde48001122</WORD_ID>
    <WORD>next</WORD>
    </Row>
  <Row>
    <WORD_ID>4ecf501a-d830-11ef-bd62-acde48001122</WORD_ID>
    <WORD>week.</WORD>
    </Row>
  </Root>
