<?xml version='1.0' encoding='utf-8'?>
<Root>
  <Row>
    <ARTICLE_ID>ecc0f170-9e74-11ef-81d5-4a2503bc320a</ARTICLE_ID>
    <ARTICLE_NAME>Idf</ARTICLE_NAME>
    <NEWSPAPER>Ch 12</NEWSPAPER>
    <DATE_PUBLISHED>2023-10-07 00:00:00</DATE_PUBLISHED>
    <AUTHOR>shmolik hanan</AUTHOR>
    <SUBJECT>Iron Beam</SUBJECT>
    </Row>
  <Row>
    <ARTICLE_ID>c1908c12-cf85-11ef-95ec-acde48001122</ARTICLE_ID>
    <ARTICLE_NAME>Iran</ARTICLE_NAME>
    <NEWSPAPER>dsfdsf</NEWSPAPER>
    <DATE_PUBLISHED>2023-05-12 00:00:00</DATE_PUBLISHED>
    <AUTHOR>vcbcvb</AUTHOR>
    <SUBJECT>cvbcvbcvbcvbcvb</SUBJECT>
    </Row>
  <Row>
    <ARTICLE_ID>803dea04-cf7e-11ef-95ec-acde48001122</ARTICLE_ID>
    <ARTICLE_NAME>Idf</ARTICLE_NAME>
    <NEWSPAPER>zxvc</NEWSPAPER>
    <DATE_PUBLISHED>2025-12-12 00:00:00</DATE_PUBLISHED>
    <AUTHOR>xcv</AUTHOR>
    <SUBJECT>xvxxxxxxxx</SUBJECT>
    </Row>
  <Row>
    <ARTICLE_ID>ecc0f170-9e74-11ef-81d5-4a2503bc320a_test123</ARTICLE_ID>
    <ARTICLE_NAME>Idf_test123</ARTICLE_NAME>
    <NEWSPAPER>Ch 12_test123</NEWSPAPER>
    <DATE_PUBLISHED>2023-10-07 00:00:00</DATE_PUBLISHED>
    <AUTHOR>shmolik hanan</AUTHOR>
    <SUBJECT>Iron Beam</SUBJECT>
    </Row>
  </Root>
