<?xml version='1.0' encoding='utf-8'?>
<Root>
  <Row>
    <WORD_ID>ed25b4e8-9e74-11ef-81d5-4a2503bc320a</WORD_ID>
    <WORD>across</WORD>
    </Row>
  <Row>
    <WORD_ID>ed2c1f5e-9e74-11ef-81d5-4a2503bc320a</WORD_ID>
    <WORD>the</WORD>
    </Row>
  <Row>
    <WORD_ID>ed324974-9e74-11ef-81d5-4a2503bc320a</WORD_ID>
    <WORD>northern</WORD>
    </Row>
  <Row>
    <WORD_ID>ed38def6-9e74-11ef-81d5-4a2503bc320a</WORD_ID>
    <WORD>border,</WORD>
    </Row>
  <Row>
    <WORD_ID>ed3f0d1c-9e74-11ef-81d5-4a2503bc320a</WORD_ID>
    <WORD>into</WORD>
    </Row>
  <Row>
    <WORD_ID>ed4532a0-9e74-11ef-81d5-4a2503bc320a</WORD_ID>
    <WORD>Israel’s</WORD>
    </Row>
  <Row>
    <WORD_ID>ed4ba338-9e74-11ef-81d5-4a2503bc320a</WORD_ID>
    <WORD>Upper</WORD>
    </Row>
  <Row>
    <WORD_ID>ed5223fc-9e74-11ef-81d5-4a2503bc320a</WORD_ID>
    <WORD>Galilee</WORD>
    </Row>
  <Row>
    <WORD_ID>ed5870d6-9e74-11ef-81d5-4a2503bc320a</WORD_ID>
    <WORD>and</WORD>
    </Row>
  <Row>
    <WORD_ID>ed635ffa-9e74-11ef-81d5-4a2503bc320a</WORD_ID>
    <WORD>Golan</WORD>
    </Row>
  <Row>
    <WORD_ID>ed6981d2-9e74-11ef-81d5-4a2503bc320a</WORD_ID>
    <WORD>Heights,</WORD>
    </Row>
  <Row>
    <WORD_ID>ed6ff594-9e74-11ef-81d5-4a2503bc320a</WORD_ID>
    <WORD>triggering</WORD>
    </Row>
  <Row>
    <WORD_ID>ed76739c-9e74-11ef-81d5-4a2503bc320a</WORD_ID>
    <WORD>air</WORD>
    </Row>
  <Row>
    <WORD_ID>ed7cb536-9e74-11ef-81d5-4a2503bc320a</WORD_ID>
    <WORD>raid</WORD>
    </Row>
  <Row>
    <WORD_ID>ed832ef2-9e74-11ef-81d5-4a2503bc320a</WORD_ID>
    <WORD>sirens</WORD>
    </Row>
  <Row>
    <WORD_ID>ed8987a2-9e74-11ef-81d5-4a2503bc320a</WORD_ID>
    <WORD>in</WORD>
    </Row>
  <Row>
    <WORD_ID>ed949b7e-9e74-11ef-81d5-4a2503bc320a</WORD_ID>
    <WORD>area.</WORD>
    </Row>
  <Row>
    <WORD_ID>ed9fa12c-9e74-11ef-81d5-4a2503bc320a</WORD_ID>
    <WORD>military</WORD>
    </Row>
  <Row>
    <WORD_ID>eda5f9b4-9e74-11ef-81d5-4a2503bc320a</WORD_ID>
    <WORD>said</WORD>
    </Row>
  <Row>
    <WORD_ID>edb14c42-9e74-11ef-81d5-4a2503bc320a</WORD_ID>
    <WORD>some</WORD>
    </Row>
  <Row>
    <WORD_ID>edb7b370-9e74-11ef-81d5-4a2503bc320a</WORD_ID>
    <WORD>of</WORD>
    </Row>
  <Row>
    <WORD_ID>edcbf1f0-9e74-11ef-81d5-4a2503bc320a</WORD_ID>
    <WORD>intercepted,</WORD>
    </Row>
  <Row>
    <WORD_ID>edd24c6c-9e74-11ef-81d5-4a2503bc320a</WORD_ID>
    <WORD>while</WORD>
    </Row>
  <Row>
    <WORD_ID>edd98edc-9e74-11ef-81d5-4a2503bc320a</WORD_ID>
    <WORD>others</WORD>
    </Row>
  <Row>
    <WORD_ID>ede0ac4e-9e74-11ef-81d5-4a2503bc320a</WORD_ID>
    <WORD>landed</WORD>
    </Row>
  <Row>
    <WORD_ID>ede80520-9e74-11ef-81d5-4a2503bc320a</WORD_ID>
    <WORD>inside</WORD>
    </Row>
  <Row>
    <WORD_ID>edef033e-9e74-11ef-81d5-4a2503bc320a</WORD_ID>
    <WORD>Israeli</WORD>
    </Row>
  <Row>
    <WORD_ID>edf613cc-9e74-11ef-81d5-4a2503bc320a</WORD_ID>
    <WORD>territory.</WORD>
    </Row>
  <Row>
    <WORD_ID>c1b67e54-cf85-11ef-95ec-acde48001122</WORD_ID>
    <WORD>Two</WORD>
    </Row>
  <Row>
    <WORD_ID>ece54944-9e74-11ef-81d5-4a2503bc320a</WORD_ID>
    <WORD>The</WORD>
    </Row>
  <Row>
    <WORD_ID>ecebed44-9e74-11ef-81d5-4a2503bc320a</WORD_ID>
    <WORD>IDF</WORD>
    </Row>
  <Row>
    <WORD_ID>ecf252a6-9e74-11ef-81d5-4a2503bc320a</WORD_ID>
    <WORD>reported</WORD>
    </Row>
  <Row>
    <WORD_ID>ecf8d888-9e74-11ef-81d5-4a2503bc320a</WORD_ID>
    <WORD>Saturday</WORD>
    </Row>
  <Row>
    <WORD_ID>ecff380e-9e74-11ef-81d5-4a2503bc320a</WORD_ID>
    <WORD>that</WORD>
    </Row>
  <Row>
    <WORD_ID>ed05f356-9e74-11ef-81d5-4a2503bc320a</WORD_ID>
    <WORD>approximately</WORD>
    </Row>
  <Row>
    <WORD_ID>ed0c5656-9e74-11ef-81d5-4a2503bc320a</WORD_ID>
    <WORD>75</WORD>
    </Row>
  <Row>
    <WORD_ID>ed12cd2e-9e74-11ef-81d5-4a2503bc320a</WORD_ID>
    <WORD>projectiles</WORD>
    </Row>
  <Row>
    <WORD_ID>ed193f7e-9e74-11ef-81d5-4a2503bc320a</WORD_ID>
    <WORD>were</WORD>
    </Row>
  <Row>
    <WORD_ID>ed1f9bf8-9e74-11ef-81d5-4a2503bc320a</WORD_ID>
    <WORD>launched</WORD>
    </Row>
  <Row>
    <WORD_ID>c1c14500-cf85-11ef-95ec-acde48001122</WORD_ID>
    <WORD>Iranian</WORD>
    </Row>
  <Row>
    <WORD_ID>c1c923b0-cf85-11ef-95ec-acde48001122</WORD_ID>
    <WORD>soldiers</WORD>
    </Row>
  <Row>
    <WORD_ID>c1d06d96-cf85-11ef-95ec-acde48001122</WORD_ID>
    <WORD>wounded</WORD>
    </Row>
  <Row>
    <WORD_ID>c1dc56b0-cf85-11ef-95ec-acde48001122</WORD_ID>
    <WORD>an</WORD>
    </Row>
  <Row>
    <WORD_ID>c1e7f63c-cf85-11ef-95ec-acde48001122</WORD_ID>
    <WORD>strike</WORD>
    </Row>
  <Row>
    <WORD_ID>c1eefa68-cf85-11ef-95ec-acde48001122</WORD_ID>
    <WORD>overnight,</WORD>
    </Row>
  <Row>
    <WORD_ID>c1f65cea-cf85-11ef-95ec-acde48001122</WORD_ID>
    <WORD>Have</WORD>
    </Row>
  <Row>
    <WORD_ID>c1fd58ba-cf85-11ef-95ec-acde48001122</WORD_ID>
    <WORD>succumbed</WORD>
    </Row>
  <Row>
    <WORD_ID>c204602e-cf85-11ef-95ec-acde48001122</WORD_ID>
    <WORD>to</WORD>
    </Row>
  <Row>
    <WORD_ID>c20b733c-cf85-11ef-95ec-acde48001122</WORD_ID>
    <WORD>their</WORD>
    </Row>
  <Row>
    <WORD_ID>c21273b2-cf85-11ef-95ec-acde48001122</WORD_ID>
    <WORD>injuries,</WORD>
    </Row>
  <Row>
    <WORD_ID>c219727a-cf85-11ef-95ec-acde48001122</WORD_ID>
    <WORD>raising</WORD>
    </Row>
  <Row>
    <WORD_ID>c22566ca-cf85-11ef-95ec-acde48001122</WORD_ID>
    <WORD>death</WORD>
    </Row>
  <Row>
    <WORD_ID>c22c64fc-cf85-11ef-95ec-acde48001122</WORD_ID>
    <WORD>toll</WORD>
    </Row>
  <Row>
    <WORD_ID>c2336cd4-cf85-11ef-95ec-acde48001122</WORD_ID>
    <WORD>among</WORD>
    </Row>
  <Row>
    <WORD_ID>c2445760-cf85-11ef-95ec-acde48001122</WORD_ID>
    <WORD>personnel</WORD>
    </Row>
  <Row>
    <WORD_ID>c2507acc-cf85-11ef-95ec-acde48001122</WORD_ID>
    <WORD>four.</WORD>
    </Row>
  <Row>
    <WORD_ID>c25774da-cf85-11ef-95ec-acde48001122</WORD_ID>
    <WORD>Sabereen</WORD>
    </Row>
  <Row>
    <WORD_ID>c25e7bae-cf85-11ef-95ec-acde48001122</WORD_ID>
    <WORD>News,</WORD>
    </Row>
  <Row>
    <WORD_ID>c265df2a-cf85-11ef-95ec-acde48001122</WORD_ID>
    <WORD>linked</WORD>
    </Row>
  <Row>
    <WORD_ID>c271c7a4-cf85-11ef-95ec-acde48001122</WORD_ID>
    <WORD>Iran-aligned</WORD>
    </Row>
  <Row>
    <WORD_ID>c278bf28-cf85-11ef-95ec-acde48001122</WORD_ID>
    <WORD>militias</WORD>
    </Row>
  <Row>
    <WORD_ID>c2848858-cf85-11ef-95ec-acde48001122</WORD_ID>
    <WORD>Iraq,</WORD>
    </Row>
  </Root>
