<?xml version='1.0' encoding='utf-8'?>
<Root>
  <Row>
    <WORD_ID>ed25b4e8-9e74-11ef-81d5-4a2503bc320a</WORD_ID>
    <ARTICLE_ID>ecc0f170-9e74-11ef-81d5-4a2503bc320a</ARTICLE_ID>
    <LENGTH>6</LENGTH>
    <PAGE>1</PAGE>
    <LINE>1</LINE>
    <PLACE_IN_LINE>11</PLACE_IN_LINE>
    </Row>
  <Row>
    <WORD_ID>ed2c1f5e-9e74-11ef-81d5-4a2503bc320a</WORD_ID>
    <ARTICLE_ID>ecc0f170-9e74-11ef-81d5-4a2503bc320a</ARTICLE_ID>
    <LENGTH>3</LENGTH>
    <PAGE>1</PAGE>
    <LINE>1</LINE>
    <PLACE_IN_LINE>12</PLACE_IN_LINE>
    </Row>
  <Row>
    <WORD_ID>ed324974-9e74-11ef-81d5-4a2503bc320a</WORD_ID>
    <ARTICLE_ID>ecc0f170-9e74-11ef-81d5-4a2503bc320a</ARTICLE_ID>
    <LENGTH>8</LENGTH>
    <PAGE>1</PAGE>
    <LINE>1</LINE>
    <PLACE_IN_LINE>13</PLACE_IN_LINE>
    </Row>
  <Row>
    <WORD_ID>ed38def6-9e74-11ef-81d5-4a2503bc320a</WORD_ID>
    <ARTICLE_ID>ecc0f170-9e74-11ef-81d5-4a2503bc320a</ARTICLE_ID>
    <LENGTH>7</LENGTH>
    <PAGE>1</PAGE>
    <LINE>1</LINE>
    <PLACE_IN_LINE>14</PLACE_IN_LINE>
    </Row>
  <Row>
    <WORD_ID>ed3f0d1c-9e74-11ef-81d5-4a2503bc320a</WORD_ID>
    <ARTICLE_ID>ecc0f170-9e74-11ef-81d5-4a2503bc320a</ARTICLE_ID>
    <LENGTH>4</LENGTH>
    <PAGE>1</PAGE>
    <LINE>2</LINE>
    <PLACE_IN_LINE>1</PLACE_IN_LINE>
    </Row>
  <Row>
    <WORD_ID>ed4532a0-9e74-11ef-81d5-4a2503bc320a</WORD_ID>
    <ARTICLE_ID>ecc0f170-9e74-11ef-81d5-4a2503bc320a</ARTICLE_ID>
    <LENGTH>8</LENGTH>
    <PAGE>1</PAGE>
    <LINE>2</LINE>
    <PLACE_IN_LINE>2</PLACE_IN_LINE>
    </Row>
  <Row>
    <WORD_ID>ed4ba338-9e74-11ef-81d5-4a2503bc320a</WORD_ID>
    <ARTICLE_ID>ecc0f170-9e74-11ef-81d5-4a2503bc320a</ARTICLE_ID>
    <LENGTH>5</LENGTH>
    <PAGE>1</PAGE>
    <LINE>2</LINE>
    <PLACE_IN_LINE>3</PLACE_IN_LINE>
    </Row>
  <Row>
    <WORD_ID>ed5223fc-9e74-11ef-81d5-4a2503bc320a</WORD_ID>
    <ARTICLE_ID>ecc0f170-9e74-11ef-81d5-4a2503bc320a</ARTICLE_ID>
    <LENGTH>7</LENGTH>
    <PAGE>1</PAGE>
    <LINE>2</LINE>
    <PLACE_IN_LINE>4</PLACE_IN_LINE>
    </Row>
  <Row>
    <WORD_ID>ed5870d6-9e74-11ef-81d5-4a2503bc320a</WORD_ID>
    <ARTICLE_ID>ecc0f170-9e74-11ef-81d5-4a2503bc320a</ARTICLE_ID>
    <LENGTH>3</LENGTH>
    <PAGE>1</PAGE>
    <LINE>2</LINE>
    <PLACE_IN_LINE>5</PLACE_IN_LINE>
    </Row>
  <Row>
    <WORD_ID>ed2c1f5e-9e74-11ef-81d5-4a2503bc320a</WORD_ID>
    <ARTICLE_ID>ecc0f170-9e74-11ef-81d5-4a2503bc320a</ARTICLE_ID>
    <LENGTH>3</LENGTH>
    <PAGE>1</PAGE>
    <LINE>2</LINE>
    <PLACE_IN_LINE>6</PLACE_IN_LINE>
    </Row>
  <Row>
    <WORD_ID>ed635ffa-9e74-11ef-81d5-4a2503bc320a</WORD_ID>
    <ARTICLE_ID>ecc0f170-9e74-11ef-81d5-4a2503bc320a</ARTICLE_ID>
    <LENGTH>5</LENGTH>
    <PAGE>1</PAGE>
    <LINE>2</LINE>
    <PLACE_IN_LINE>7</PLACE_IN_LINE>
    </Row>
  <Row>
    <WORD_ID>ed6981d2-9e74-11ef-81d5-4a2503bc320a</WORD_ID>
    <ARTICLE_ID>ecc0f170-9e74-11ef-81d5-4a2503bc320a</ARTICLE_ID>
    <LENGTH>8</LENGTH>
    <PAGE>1</PAGE>
    <LINE>2</LINE>
    <PLACE_IN_LINE>8</PLACE_IN_LINE>
    </Row>
  <Row>
    <WORD_ID>ed6ff594-9e74-11ef-81d5-4a2503bc320a</WORD_ID>
    <ARTICLE_ID>ecc0f170-9e74-11ef-81d5-4a2503bc320a</ARTICLE_ID>
    <LENGTH>10</LENGTH>
    <PAGE>1</PAGE>
    <LINE>3</LINE>
    <PLACE_IN_LINE>1</PLACE_IN_LINE>
    </Row>
  <Row>
    <WORD_ID>ed76739c-9e74-11ef-81d5-4a2503bc320a</WORD_ID>
    <ARTICLE_ID>ecc0f170-9e74-11ef-81d5-4a2503bc320a</ARTICLE_ID>
    <LENGTH>3</LENGTH>
    <PAGE>1</PAGE>
    <LINE>3</LINE>
    <PLACE_IN_LINE>2</PLACE_IN_LINE>
    </Row>
  <Row>
    <WORD_ID>ed7cb536-9e74-11ef-81d5-4a2503bc320a</WORD_ID>
    <ARTICLE_ID>ecc0f170-9e74-11ef-81d5-4a2503bc320a</ARTICLE_ID>
    <LENGTH>4</LENGTH>
    <PAGE>1</PAGE>
    <LINE>3</LINE>
    <PLACE_IN_LINE>3</PLACE_IN_LINE>
    </Row>
  <Row>
    <WORD_ID>ed832ef2-9e74-11ef-81d5-4a2503bc320a</WORD_ID>
    <ARTICLE_ID>ecc0f170-9e74-11ef-81d5-4a2503bc320a</ARTICLE_ID>
    <LENGTH>6</LENGTH>
    <PAGE>1</PAGE>
    <LINE>3</LINE>
    <PLACE_IN_LINE>4</PLACE_IN_LINE>
    </Row>
  <Row>
    <WORD_ID>ed8987a2-9e74-11ef-81d5-4a2503bc320a</WORD_ID>
    <ARTICLE_ID>ecc0f170-9e74-11ef-81d5-4a2503bc320a</ARTICLE_ID>
    <LENGTH>2</LENGTH>
    <PAGE>1</PAGE>
    <LINE>3</LINE>
    <PLACE_IN_LINE>5</PLACE_IN_LINE>
    </Row>
  <Row>
    <WORD_ID>ed2c1f5e-9e74-11ef-81d5-4a2503bc320a</WORD_ID>
    <ARTICLE_ID>ecc0f170-9e74-11ef-81d5-4a2503bc320a</ARTICLE_ID>
    <LENGTH>3</LENGTH>
    <PAGE>1</PAGE>
    <LINE>3</LINE>
    <PLACE_IN_LINE>6</PLACE_IN_LINE>
    </Row>
  <Row>
    <WORD_ID>ed949b7e-9e74-11ef-81d5-4a2503bc320a</WORD_ID>
    <ARTICLE_ID>ecc0f170-9e74-11ef-81d5-4a2503bc320a</ARTICLE_ID>
    <LENGTH>5</LENGTH>
    <PAGE>1</PAGE>
    <LINE>3</LINE>
    <PLACE_IN_LINE>7</PLACE_IN_LINE>
    </Row>
  <Row>
    <WORD_ID>ece54944-9e74-11ef-81d5-4a2503bc320a</WORD_ID>
    <ARTICLE_ID>ecc0f170-9e74-11ef-81d5-4a2503bc320a</ARTICLE_ID>
    <LENGTH>3</LENGTH>
    <PAGE>1</PAGE>
    <LINE>4</LINE>
    <PLACE_IN_LINE>1</PLACE_IN_LINE>
    </Row>
  <Row>
    <WORD_ID>ed9fa12c-9e74-11ef-81d5-4a2503bc320a</WORD_ID>
    <ARTICLE_ID>ecc0f170-9e74-11ef-81d5-4a2503bc320a</ARTICLE_ID>
    <LENGTH>8</LENGTH>
    <PAGE>1</PAGE>
    <LINE>4</LINE>
    <PLACE_IN_LINE>2</PLACE_IN_LINE>
    </Row>
  <Row>
    <WORD_ID>eda5f9b4-9e74-11ef-81d5-4a2503bc320a</WORD_ID>
    <ARTICLE_ID>ecc0f170-9e74-11ef-81d5-4a2503bc320a</ARTICLE_ID>
    <LENGTH>4</LENGTH>
    <PAGE>1</PAGE>
    <LINE>4</LINE>
    <PLACE_IN_LINE>3</PLACE_IN_LINE>
    </Row>
  <Row>
    <WORD_ID>ecff380e-9e74-11ef-81d5-4a2503bc320a</WORD_ID>
    <ARTICLE_ID>ecc0f170-9e74-11ef-81d5-4a2503bc320a</ARTICLE_ID>
    <LENGTH>4</LENGTH>
    <PAGE>1</PAGE>
    <LINE>4</LINE>
    <PLACE_IN_LINE>4</PLACE_IN_LINE>
    </Row>
  <Row>
    <WORD_ID>edb14c42-9e74-11ef-81d5-4a2503bc320a</WORD_ID>
    <ARTICLE_ID>ecc0f170-9e74-11ef-81d5-4a2503bc320a</ARTICLE_ID>
    <LENGTH>4</LENGTH>
    <PAGE>1</PAGE>
    <LINE>4</LINE>
    <PLACE_IN_LINE>5</PLACE_IN_LINE>
    </Row>
  <Row>
    <WORD_ID>edb7b370-9e74-11ef-81d5-4a2503bc320a</WORD_ID>
    <ARTICLE_ID>ecc0f170-9e74-11ef-81d5-4a2503bc320a</ARTICLE_ID>
    <LENGTH>2</LENGTH>
    <PAGE>1</PAGE>
    <LINE>4</LINE>
    <PLACE_IN_LINE>6</PLACE_IN_LINE>
    </Row>
  <Row>
    <WORD_ID>ed2c1f5e-9e74-11ef-81d5-4a2503bc320a</WORD_ID>
    <ARTICLE_ID>ecc0f170-9e74-11ef-81d5-4a2503bc320a</ARTICLE_ID>
    <LENGTH>3</LENGTH>
    <PAGE>1</PAGE>
    <LINE>4</LINE>
    <PLACE_IN_LINE>7</PLACE_IN_LINE>
    </Row>
  <Row>
    <WORD_ID>ed12cd2e-9e74-11ef-81d5-4a2503bc320a</WORD_ID>
    <ARTICLE_ID>ecc0f170-9e74-11ef-81d5-4a2503bc320a</ARTICLE_ID>
    <LENGTH>11</LENGTH>
    <PAGE>1</PAGE>
    <LINE>4</LINE>
    <PLACE_IN_LINE>8</PLACE_IN_LINE>
    </Row>
  <Row>
    <WORD_ID>ed193f7e-9e74-11ef-81d5-4a2503bc320a</WORD_ID>
    <ARTICLE_ID>ecc0f170-9e74-11ef-81d5-4a2503bc320a</ARTICLE_ID>
    <LENGTH>4</LENGTH>
    <PAGE>1</PAGE>
    <LINE>4</LINE>
    <PLACE_IN_LINE>9</PLACE_IN_LINE>
    </Row>
  <Row>
    <WORD_ID>edcbf1f0-9e74-11ef-81d5-4a2503bc320a</WORD_ID>
    <ARTICLE_ID>ecc0f170-9e74-11ef-81d5-4a2503bc320a</ARTICLE_ID>
    <LENGTH>12</LENGTH>
    <PAGE>1</PAGE>
    <LINE>4</LINE>
    <PLACE_IN_LINE>10</PLACE_IN_LINE>
    </Row>
  <Row>
    <WORD_ID>edd24c6c-9e74-11ef-81d5-4a2503bc320a</WORD_ID>
    <ARTICLE_ID>ecc0f170-9e74-11ef-81d5-4a2503bc320a</ARTICLE_ID>
    <LENGTH>5</LENGTH>
    <PAGE>1</PAGE>
    <LINE>5</LINE>
    <PLACE_IN_LINE>1</PLACE_IN_LINE>
    </Row>
  <Row>
    <WORD_ID>edd98edc-9e74-11ef-81d5-4a2503bc320a</WORD_ID>
    <ARTICLE_ID>ecc0f170-9e74-11ef-81d5-4a2503bc320a</ARTICLE_ID>
    <LENGTH>6</LENGTH>
    <PAGE>1</PAGE>
    <LINE>5</LINE>
    <PLACE_IN_LINE>2</PLACE_IN_LINE>
    </Row>
  <Row>
    <WORD_ID>ede0ac4e-9e74-11ef-81d5-4a2503bc320a</WORD_ID>
    <ARTICLE_ID>ecc0f170-9e74-11ef-81d5-4a2503bc320a</ARTICLE_ID>
    <LENGTH>6</LENGTH>
    <PAGE>1</PAGE>
    <LINE>5</LINE>
    <PLACE_IN_LINE>3</PLACE_IN_LINE>
    </Row>
  <Row>
    <WORD_ID>ede80520-9e74-11ef-81d5-4a2503bc320a</WORD_ID>
    <ARTICLE_ID>ecc0f170-9e74-11ef-81d5-4a2503bc320a</ARTICLE_ID>
    <LENGTH>6</LENGTH>
    <PAGE>1</PAGE>
    <LINE>5</LINE>
    <PLACE_IN_LINE>4</PLACE_IN_LINE>
    </Row>
  <Row>
    <WORD_ID>edef033e-9e74-11ef-81d5-4a2503bc320a</WORD_ID>
    <ARTICLE_ID>ecc0f170-9e74-11ef-81d5-4a2503bc320a</ARTICLE_ID>
    <LENGTH>7</LENGTH>
    <PAGE>1</PAGE>
    <LINE>5</LINE>
    <PLACE_IN_LINE>5</PLACE_IN_LINE>
    </Row>
  <Row>
    <WORD_ID>edf613cc-9e74-11ef-81d5-4a2503bc320a</WORD_ID>
    <ARTICLE_ID>ecc0f170-9e74-11ef-81d5-4a2503bc320a</ARTICLE_ID>
    <LENGTH>10</LENGTH>
    <PAGE>1</PAGE>
    <LINE>5</LINE>
    <PLACE_IN_LINE>6</PLACE_IN_LINE>
    </Row>
  <Row>
    <WORD_ID>c1fd58ba-cf85-11ef-95ec-acde48001122</WORD_ID>
    <ARTICLE_ID>c1908c12-cf85-11ef-95ec-acde48001122</ARTICLE_ID>
    <LENGTH>9</LENGTH>
    <PAGE>1</PAGE>
    <LINE>2</LINE>
    <PLACE_IN_LINE>2</PLACE_IN_LINE>
    </Row>
  <Row>
    <WORD_ID>c204602e-cf85-11ef-95ec-acde48001122</WORD_ID>
    <ARTICLE_ID>c1908c12-cf85-11ef-95ec-acde48001122</ARTICLE_ID>
    <LENGTH>2</LENGTH>
    <PAGE>1</PAGE>
    <LINE>2</LINE>
    <PLACE_IN_LINE>3</PLACE_IN_LINE>
    </Row>
  <Row>
    <WORD_ID>c20b733c-cf85-11ef-95ec-acde48001122</WORD_ID>
    <ARTICLE_ID>c1908c12-cf85-11ef-95ec-acde48001122</ARTICLE_ID>
    <LENGTH>5</LENGTH>
    <PAGE>1</PAGE>
    <LINE>2</LINE>
    <PLACE_IN_LINE>4</PLACE_IN_LINE>
    </Row>
  <Row>
    <WORD_ID>c21273b2-cf85-11ef-95ec-acde48001122</WORD_ID>
    <ARTICLE_ID>c1908c12-cf85-11ef-95ec-acde48001122</ARTICLE_ID>
    <LENGTH>9</LENGTH>
    <PAGE>1</PAGE>
    <LINE>2</LINE>
    <PLACE_IN_LINE>5</PLACE_IN_LINE>
    </Row>
  <Row>
    <WORD_ID>ece54944-9e74-11ef-81d5-4a2503bc320a</WORD_ID>
    <ARTICLE_ID>ecc0f170-9e74-11ef-81d5-4a2503bc320a</ARTICLE_ID>
    <LENGTH>3</LENGTH>
    <PAGE>1</PAGE>
    <LINE>1</LINE>
    <PLACE_IN_LINE>1</PLACE_IN_LINE>
    </Row>
  <Row>
    <WORD_ID>ecebed44-9e74-11ef-81d5-4a2503bc320a</WORD_ID>
    <ARTICLE_ID>ecc0f170-9e74-11ef-81d5-4a2503bc320a</ARTICLE_ID>
    <LENGTH>3</LENGTH>
    <PAGE>1</PAGE>
    <LINE>1</LINE>
    <PLACE_IN_LINE>2</PLACE_IN_LINE>
    </Row>
  <Row>
    <WORD_ID>ecf252a6-9e74-11ef-81d5-4a2503bc320a</WORD_ID>
    <ARTICLE_ID>ecc0f170-9e74-11ef-81d5-4a2503bc320a</ARTICLE_ID>
    <LENGTH>8</LENGTH>
    <PAGE>1</PAGE>
    <LINE>1</LINE>
    <PLACE_IN_LINE>3</PLACE_IN_LINE>
    </Row>
  <Row>
    <WORD_ID>ecf8d888-9e74-11ef-81d5-4a2503bc320a</WORD_ID>
    <ARTICLE_ID>ecc0f170-9e74-11ef-81d5-4a2503bc320a</ARTICLE_ID>
    <LENGTH>8</LENGTH>
    <PAGE>1</PAGE>
    <LINE>1</LINE>
    <PLACE_IN_LINE>4</PLACE_IN_LINE>
    </Row>
  <Row>
    <WORD_ID>ecff380e-9e74-11ef-81d5-4a2503bc320a</WORD_ID>
    <ARTICLE_ID>ecc0f170-9e74-11ef-81d5-4a2503bc320a</ARTICLE_ID>
    <LENGTH>4</LENGTH>
    <PAGE>1</PAGE>
    <LINE>1</LINE>
    <PLACE_IN_LINE>5</PLACE_IN_LINE>
    </Row>
  <Row>
    <WORD_ID>ed05f356-9e74-11ef-81d5-4a2503bc320a</WORD_ID>
    <ARTICLE_ID>ecc0f170-9e74-11ef-81d5-4a2503bc320a</ARTICLE_ID>
    <LENGTH>13</LENGTH>
    <PAGE>1</PAGE>
    <LINE>1</LINE>
    <PLACE_IN_LINE>6</PLACE_IN_LINE>
    </Row>
  <Row>
    <WORD_ID>ed0c5656-9e74-11ef-81d5-4a2503bc320a</WORD_ID>
    <ARTICLE_ID>ecc0f170-9e74-11ef-81d5-4a2503bc320a</ARTICLE_ID>
    <LENGTH>2</LENGTH>
    <PAGE>1</PAGE>
    <LINE>1</LINE>
    <PLACE_IN_LINE>7</PLACE_IN_LINE>
    </Row>
  <Row>
    <WORD_ID>ed12cd2e-9e74-11ef-81d5-4a2503bc320a</WORD_ID>
    <ARTICLE_ID>ecc0f170-9e74-11ef-81d5-4a2503bc320a</ARTICLE_ID>
    <LENGTH>11</LENGTH>
    <PAGE>1</PAGE>
    <LINE>1</LINE>
    <PLACE_IN_LINE>8</PLACE_IN_LINE>
    </Row>
  <Row>
    <WORD_ID>ed193f7e-9e74-11ef-81d5-4a2503bc320a</WORD_ID>
    <ARTICLE_ID>ecc0f170-9e74-11ef-81d5-4a2503bc320a</ARTICLE_ID>
    <LENGTH>4</LENGTH>
    <PAGE>1</PAGE>
    <LINE>1</LINE>
    <PLACE_IN_LINE>9</PLACE_IN_LINE>
    </Row>
  <Row>
    <WORD_ID>ed1f9bf8-9e74-11ef-81d5-4a2503bc320a</WORD_ID>
    <ARTICLE_ID>ecc0f170-9e74-11ef-81d5-4a2503bc320a</ARTICLE_ID>
    <LENGTH>8</LENGTH>
    <PAGE>1</PAGE>
    <LINE>1</LINE>
    <PLACE_IN_LINE>10</PLACE_IN_LINE>
    </Row>
  <Row>
    <WORD_ID>c219727a-cf85-11ef-95ec-acde48001122</WORD_ID>
    <ARTICLE_ID>c1908c12-cf85-11ef-95ec-acde48001122</ARTICLE_ID>
    <LENGTH>7</LENGTH>
    <PAGE>1</PAGE>
    <LINE>2</LINE>
    <PLACE_IN_LINE>6</PLACE_IN_LINE>
    </Row>
  <Row>
    <WORD_ID>ed2c1f5e-9e74-11ef-81d5-4a2503bc320a</WORD_ID>
    <ARTICLE_ID>c1908c12-cf85-11ef-95ec-acde48001122</ARTICLE_ID>
    <LENGTH>3</LENGTH>
    <PAGE>1</PAGE>
    <LINE>2</LINE>
    <PLACE_IN_LINE>7</PLACE_IN_LINE>
    </Row>
  <Row>
    <WORD_ID>c22566ca-cf85-11ef-95ec-acde48001122</WORD_ID>
    <ARTICLE_ID>c1908c12-cf85-11ef-95ec-acde48001122</ARTICLE_ID>
    <LENGTH>5</LENGTH>
    <PAGE>1</PAGE>
    <LINE>2</LINE>
    <PLACE_IN_LINE>8</PLACE_IN_LINE>
    </Row>
  <Row>
    <WORD_ID>c22c64fc-cf85-11ef-95ec-acde48001122</WORD_ID>
    <ARTICLE_ID>c1908c12-cf85-11ef-95ec-acde48001122</ARTICLE_ID>
    <LENGTH>4</LENGTH>
    <PAGE>1</PAGE>
    <LINE>2</LINE>
    <PLACE_IN_LINE>9</PLACE_IN_LINE>
    </Row>
  <Row>
    <WORD_ID>c2336cd4-cf85-11ef-95ec-acde48001122</WORD_ID>
    <ARTICLE_ID>c1908c12-cf85-11ef-95ec-acde48001122</ARTICLE_ID>
    <LENGTH>5</LENGTH>
    <PAGE>1</PAGE>
    <LINE>2</LINE>
    <PLACE_IN_LINE>10</PLACE_IN_LINE>
    </Row>
  <Row>
    <WORD_ID>c1c14500-cf85-11ef-95ec-acde48001122</WORD_ID>
    <ARTICLE_ID>c1908c12-cf85-11ef-95ec-acde48001122</ARTICLE_ID>
    <LENGTH>7</LENGTH>
    <PAGE>1</PAGE>
    <LINE>2</LINE>
    <PLACE_IN_LINE>11</PLACE_IN_LINE>
    </Row>
  <Row>
    <WORD_ID>ed9fa12c-9e74-11ef-81d5-4a2503bc320a</WORD_ID>
    <ARTICLE_ID>c1908c12-cf85-11ef-95ec-acde48001122</ARTICLE_ID>
    <LENGTH>8</LENGTH>
    <PAGE>1</PAGE>
    <LINE>2</LINE>
    <PLACE_IN_LINE>12</PLACE_IN_LINE>
    </Row>
  <Row>
    <WORD_ID>c2445760-cf85-11ef-95ec-acde48001122</WORD_ID>
    <ARTICLE_ID>c1908c12-cf85-11ef-95ec-acde48001122</ARTICLE_ID>
    <LENGTH>9</LENGTH>
    <PAGE>1</PAGE>
    <LINE>2</LINE>
    <PLACE_IN_LINE>13</PLACE_IN_LINE>
    </Row>
  <Row>
    <WORD_ID>c204602e-cf85-11ef-95ec-acde48001122</WORD_ID>
    <ARTICLE_ID>c1908c12-cf85-11ef-95ec-acde48001122</ARTICLE_ID>
    <LENGTH>2</LENGTH>
    <PAGE>1</PAGE>
    <LINE>2</LINE>
    <PLACE_IN_LINE>14</PLACE_IN_LINE>
    </Row>
  <Row>
    <WORD_ID>c2507acc-cf85-11ef-95ec-acde48001122</WORD_ID>
    <ARTICLE_ID>c1908c12-cf85-11ef-95ec-acde48001122</ARTICLE_ID>
    <LENGTH>5</LENGTH>
    <PAGE>1</PAGE>
    <LINE>2</LINE>
    <PLACE_IN_LINE>15</PLACE_IN_LINE>
    </Row>
  <Row>
    <WORD_ID>c25774da-cf85-11ef-95ec-acde48001122</WORD_ID>
    <ARTICLE_ID>c1908c12-cf85-11ef-95ec-acde48001122</ARTICLE_ID>
    <LENGTH>8</LENGTH>
    <PAGE>1</PAGE>
    <LINE>3</LINE>
    <PLACE_IN_LINE>1</PLACE_IN_LINE>
    </Row>
  <Row>
    <WORD_ID>c25e7bae-cf85-11ef-95ec-acde48001122</WORD_ID>
    <ARTICLE_ID>c1908c12-cf85-11ef-95ec-acde48001122</ARTICLE_ID>
    <LENGTH>5</LENGTH>
    <PAGE>1</PAGE>
    <LINE>3</LINE>
    <PLACE_IN_LINE>2</PLACE_IN_LINE>
    </Row>
  <Row>
    <WORD_ID>c265df2a-cf85-11ef-95ec-acde48001122</WORD_ID>
    <ARTICLE_ID>c1908c12-cf85-11ef-95ec-acde48001122</ARTICLE_ID>
    <LENGTH>6</LENGTH>
    <PAGE>1</PAGE>
    <LINE>3</LINE>
    <PLACE_IN_LINE>3</PLACE_IN_LINE>
    </Row>
  <Row>
    <WORD_ID>c204602e-cf85-11ef-95ec-acde48001122</WORD_ID>
    <ARTICLE_ID>c1908c12-cf85-11ef-95ec-acde48001122</ARTICLE_ID>
    <LENGTH>2</LENGTH>
    <PAGE>1</PAGE>
    <LINE>3</LINE>
    <PLACE_IN_LINE>4</PLACE_IN_LINE>
    </Row>
  <Row>
    <WORD_ID>c271c7a4-cf85-11ef-95ec-acde48001122</WORD_ID>
    <ARTICLE_ID>c1908c12-cf85-11ef-95ec-acde48001122</ARTICLE_ID>
    <LENGTH>12</LENGTH>
    <PAGE>1</PAGE>
    <LINE>3</LINE>
    <PLACE_IN_LINE>5</PLACE_IN_LINE>
    </Row>
  <Row>
    <WORD_ID>c278bf28-cf85-11ef-95ec-acde48001122</WORD_ID>
    <ARTICLE_ID>c1908c12-cf85-11ef-95ec-acde48001122</ARTICLE_ID>
    <LENGTH>8</LENGTH>
    <PAGE>1</PAGE>
    <LINE>3</LINE>
    <PLACE_IN_LINE>6</PLACE_IN_LINE>
    </Row>
  <Row>
    <WORD_ID>ed8987a2-9e74-11ef-81d5-4a2503bc320a</WORD_ID>
    <ARTICLE_ID>c1908c12-cf85-11ef-95ec-acde48001122</ARTICLE_ID>
    <LENGTH>2</LENGTH>
    <PAGE>1</PAGE>
    <LINE>3</LINE>
    <PLACE_IN_LINE>7</PLACE_IN_LINE>
    </Row>
  <Row>
    <WORD_ID>c2848858-cf85-11ef-95ec-acde48001122</WORD_ID>
    <ARTICLE_ID>c1908c12-cf85-11ef-95ec-acde48001122</ARTICLE_ID>
    <LENGTH>5</LENGTH>
    <PAGE>1</PAGE>
    <LINE>3</LINE>
    <PLACE_IN_LINE>8</PLACE_IN_LINE>
    </Row>
  <Row>
    <WORD_ID>c1b67e54-cf85-11ef-95ec-acde48001122</WORD_ID>
    <ARTICLE_ID>c1908c12-cf85-11ef-95ec-acde48001122</ARTICLE_ID>
    <LENGTH>3</LENGTH>
    <PAGE>1</PAGE>
    <LINE>1</LINE>
    <PLACE_IN_LINE>1</PLACE_IN_LINE>
    </Row>
  <Row>
    <WORD_ID>c1c14500-cf85-11ef-95ec-acde48001122</WORD_ID>
    <ARTICLE_ID>c1908c12-cf85-11ef-95ec-acde48001122</ARTICLE_ID>
    <LENGTH>7</LENGTH>
    <PAGE>1</PAGE>
    <LINE>1</LINE>
    <PLACE_IN_LINE>2</PLACE_IN_LINE>
    </Row>
  <Row>
    <WORD_ID>c1c923b0-cf85-11ef-95ec-acde48001122</WORD_ID>
    <ARTICLE_ID>c1908c12-cf85-11ef-95ec-acde48001122</ARTICLE_ID>
    <LENGTH>8</LENGTH>
    <PAGE>1</PAGE>
    <LINE>1</LINE>
    <PLACE_IN_LINE>3</PLACE_IN_LINE>
    </Row>
  <Row>
    <WORD_ID>c1d06d96-cf85-11ef-95ec-acde48001122</WORD_ID>
    <ARTICLE_ID>c1908c12-cf85-11ef-95ec-acde48001122</ARTICLE_ID>
    <LENGTH>7</LENGTH>
    <PAGE>1</PAGE>
    <LINE>1</LINE>
    <PLACE_IN_LINE>4</PLACE_IN_LINE>
    </Row>
  <Row>
    <WORD_ID>ed8987a2-9e74-11ef-81d5-4a2503bc320a</WORD_ID>
    <ARTICLE_ID>c1908c12-cf85-11ef-95ec-acde48001122</ARTICLE_ID>
    <LENGTH>2</LENGTH>
    <PAGE>1</PAGE>
    <LINE>1</LINE>
    <PLACE_IN_LINE>5</PLACE_IN_LINE>
    </Row>
  <Row>
    <WORD_ID>c1dc56b0-cf85-11ef-95ec-acde48001122</WORD_ID>
    <ARTICLE_ID>c1908c12-cf85-11ef-95ec-acde48001122</ARTICLE_ID>
    <LENGTH>2</LENGTH>
    <PAGE>1</PAGE>
    <LINE>1</LINE>
    <PLACE_IN_LINE>6</PLACE_IN_LINE>
    </Row>
  <Row>
    <WORD_ID>edef033e-9e74-11ef-81d5-4a2503bc320a</WORD_ID>
    <ARTICLE_ID>c1908c12-cf85-11ef-95ec-acde48001122</ARTICLE_ID>
    <LENGTH>7</LENGTH>
    <PAGE>1</PAGE>
    <LINE>1</LINE>
    <PLACE_IN_LINE>7</PLACE_IN_LINE>
    </Row>
  <Row>
    <WORD_ID>c1e7f63c-cf85-11ef-95ec-acde48001122</WORD_ID>
    <ARTICLE_ID>c1908c12-cf85-11ef-95ec-acde48001122</ARTICLE_ID>
    <LENGTH>6</LENGTH>
    <PAGE>1</PAGE>
    <LINE>1</LINE>
    <PLACE_IN_LINE>8</PLACE_IN_LINE>
    </Row>
  <Row>
    <WORD_ID>c1eefa68-cf85-11ef-95ec-acde48001122</WORD_ID>
    <ARTICLE_ID>c1908c12-cf85-11ef-95ec-acde48001122</ARTICLE_ID>
    <LENGTH>10</LENGTH>
    <PAGE>1</PAGE>
    <LINE>1</LINE>
    <PLACE_IN_LINE>9</PLACE_IN_LINE>
    </Row>
  <Row>
    <WORD_ID>c1f65cea-cf85-11ef-95ec-acde48001122</WORD_ID>
    <ARTICLE_ID>c1908c12-cf85-11ef-95ec-acde48001122</ARTICLE_ID>
    <LENGTH>4</LENGTH>
    <PAGE>1</PAGE>
    <LINE>2</LINE>
    <PLACE_IN_LINE>1</PLACE_IN_LINE>
    </Row>
  <Row>
    <WORD_ID>ed25b4e8-9e74-11ef-81d5-4a2503bc320a</WORD_ID>
    <ARTICLE_ID>803dea04-cf7e-11ef-95ec-acde48001122</ARTICLE_ID>
    <LENGTH>6</LENGTH>
    <PAGE>1</PAGE>
    <LINE>1</LINE>
    <PLACE_IN_LINE>11</PLACE_IN_LINE>
    </Row>
  <Row>
    <WORD_ID>ed2c1f5e-9e74-11ef-81d5-4a2503bc320a</WORD_ID>
    <ARTICLE_ID>803dea04-cf7e-11ef-95ec-acde48001122</ARTICLE_ID>
    <LENGTH>3</LENGTH>
    <PAGE>1</PAGE>
    <LINE>1</LINE>
    <PLACE_IN_LINE>12</PLACE_IN_LINE>
    </Row>
  <Row>
    <WORD_ID>ed324974-9e74-11ef-81d5-4a2503bc320a</WORD_ID>
    <ARTICLE_ID>803dea04-cf7e-11ef-95ec-acde48001122</ARTICLE_ID>
    <LENGTH>8</LENGTH>
    <PAGE>1</PAGE>
    <LINE>1</LINE>
    <PLACE_IN_LINE>13</PLACE_IN_LINE>
    </Row>
  <Row>
    <WORD_ID>ed38def6-9e74-11ef-81d5-4a2503bc320a</WORD_ID>
    <ARTICLE_ID>803dea04-cf7e-11ef-95ec-acde48001122</ARTICLE_ID>
    <LENGTH>7</LENGTH>
    <PAGE>1</PAGE>
    <LINE>1</LINE>
    <PLACE_IN_LINE>14</PLACE_IN_LINE>
    </Row>
  <Row>
    <WORD_ID>ed3f0d1c-9e74-11ef-81d5-4a2503bc320a</WORD_ID>
    <ARTICLE_ID>803dea04-cf7e-11ef-95ec-acde48001122</ARTICLE_ID>
    <LENGTH>4</LENGTH>
    <PAGE>1</PAGE>
    <LINE>2</LINE>
    <PLACE_IN_LINE>1</PLACE_IN_LINE>
    </Row>
  <Row>
    <WORD_ID>ed4532a0-9e74-11ef-81d5-4a2503bc320a</WORD_ID>
    <ARTICLE_ID>803dea04-cf7e-11ef-95ec-acde48001122</ARTICLE_ID>
    <LENGTH>8</LENGTH>
    <PAGE>1</PAGE>
    <LINE>2</LINE>
    <PLACE_IN_LINE>2</PLACE_IN_LINE>
    </Row>
  <Row>
    <WORD_ID>ed4ba338-9e74-11ef-81d5-4a2503bc320a</WORD_ID>
    <ARTICLE_ID>803dea04-cf7e-11ef-95ec-acde48001122</ARTICLE_ID>
    <LENGTH>5</LENGTH>
    <PAGE>1</PAGE>
    <LINE>2</LINE>
    <PLACE_IN_LINE>3</PLACE_IN_LINE>
    </Row>
  <Row>
    <WORD_ID>ed5223fc-9e74-11ef-81d5-4a2503bc320a</WORD_ID>
    <ARTICLE_ID>803dea04-cf7e-11ef-95ec-acde48001122</ARTICLE_ID>
    <LENGTH>7</LENGTH>
    <PAGE>1</PAGE>
    <LINE>2</LINE>
    <PLACE_IN_LINE>4</PLACE_IN_LINE>
    </Row>
  <Row>
    <WORD_ID>ed5870d6-9e74-11ef-81d5-4a2503bc320a</WORD_ID>
    <ARTICLE_ID>803dea04-cf7e-11ef-95ec-acde48001122</ARTICLE_ID>
    <LENGTH>3</LENGTH>
    <PAGE>1</PAGE>
    <LINE>2</LINE>
    <PLACE_IN_LINE>5</PLACE_IN_LINE>
    </Row>
  <Row>
    <WORD_ID>ece54944-9e74-11ef-81d5-4a2503bc320a</WORD_ID>
    <ARTICLE_ID>803dea04-cf7e-11ef-95ec-acde48001122</ARTICLE_ID>
    <LENGTH>3</LENGTH>
    <PAGE>1</PAGE>
    <LINE>1</LINE>
    <PLACE_IN_LINE>1</PLACE_IN_LINE>
    </Row>
  <Row>
    <WORD_ID>ecebed44-9e74-11ef-81d5-4a2503bc320a</WORD_ID>
    <ARTICLE_ID>803dea04-cf7e-11ef-95ec-acde48001122</ARTICLE_ID>
    <LENGTH>3</LENGTH>
    <PAGE>1</PAGE>
    <LINE>1</LINE>
    <PLACE_IN_LINE>2</PLACE_IN_LINE>
    </Row>
  <Row>
    <WORD_ID>ecf252a6-9e74-11ef-81d5-4a2503bc320a</WORD_ID>
    <ARTICLE_ID>803dea04-cf7e-11ef-95ec-acde48001122</ARTICLE_ID>
    <LENGTH>8</LENGTH>
    <PAGE>1</PAGE>
    <LINE>1</LINE>
    <PLACE_IN_LINE>3</PLACE_IN_LINE>
    </Row>
  <Row>
    <WORD_ID>ecf8d888-9e74-11ef-81d5-4a2503bc320a</WORD_ID>
    <ARTICLE_ID>803dea04-cf7e-11ef-95ec-acde48001122</ARTICLE_ID>
    <LENGTH>8</LENGTH>
    <PAGE>1</PAGE>
    <LINE>1</LINE>
    <PLACE_IN_LINE>4</PLACE_IN_LINE>
    </Row>
  <Row>
    <WORD_ID>ecff380e-9e74-11ef-81d5-4a2503bc320a</WORD_ID>
    <ARTICLE_ID>803dea04-cf7e-11ef-95ec-acde48001122</ARTICLE_ID>
    <LENGTH>4</LENGTH>
    <PAGE>1</PAGE>
    <LINE>1</LINE>
    <PLACE_IN_LINE>5</PLACE_IN_LINE>
    </Row>
  <Row>
    <WORD_ID>ed05f356-9e74-11ef-81d5-4a2503bc320a</WORD_ID>
    <ARTICLE_ID>803dea04-cf7e-11ef-95ec-acde48001122</ARTICLE_ID>
    <LENGTH>13</LENGTH>
    <PAGE>1</PAGE>
    <LINE>1</LINE>
    <PLACE_IN_LINE>6</PLACE_IN_LINE>
    </Row>
  <Row>
    <WORD_ID>ed0c5656-9e74-11ef-81d5-4a2503bc320a</WORD_ID>
    <ARTICLE_ID>803dea04-cf7e-11ef-95ec-acde48001122</ARTICLE_ID>
    <LENGTH>2</LENGTH>
    <PAGE>1</PAGE>
    <LINE>1</LINE>
    <PLACE_IN_LINE>7</PLACE_IN_LINE>
    </Row>
  <Row>
    <WORD_ID>ed12cd2e-9e74-11ef-81d5-4a2503bc320a</WORD_ID>
    <ARTICLE_ID>803dea04-cf7e-11ef-95ec-acde48001122</ARTICLE_ID>
    <LENGTH>11</LENGTH>
    <PAGE>1</PAGE>
    <LINE>1</LINE>
    <PLACE_IN_LINE>8</PLACE_IN_LINE>
    </Row>
  <Row>
    <WORD_ID>ed193f7e-9e74-11ef-81d5-4a2503bc320a</WORD_ID>
    <ARTICLE_ID>803dea04-cf7e-11ef-95ec-acde48001122</ARTICLE_ID>
    <LENGTH>4</LENGTH>
    <PAGE>1</PAGE>
    <LINE>1</LINE>
    <PLACE_IN_LINE>9</PLACE_IN_LINE>
    </Row>
  <Row>
    <WORD_ID>ed1f9bf8-9e74-11ef-81d5-4a2503bc320a</WORD_ID>
    <ARTICLE_ID>803dea04-cf7e-11ef-95ec-acde48001122</ARTICLE_ID>
    <LENGTH>8</LENGTH>
    <PAGE>1</PAGE>
    <LINE>1</LINE>
    <PLACE_IN_LINE>10</PLACE_IN_LINE>
    </Row>
  <Row>
    <WORD_ID>ed2c1f5e-9e74-11ef-81d5-4a2503bc320a</WORD_ID>
    <ARTICLE_ID>803dea04-cf7e-11ef-95ec-acde48001122</ARTICLE_ID>
    <LENGTH>3</LENGTH>
    <PAGE>1</PAGE>
    <LINE>2</LINE>
    <PLACE_IN_LINE>6</PLACE_IN_LINE>
    </Row>
  <Row>
    <WORD_ID>ed635ffa-9e74-11ef-81d5-4a2503bc320a</WORD_ID>
    <ARTICLE_ID>803dea04-cf7e-11ef-95ec-acde48001122</ARTICLE_ID>
    <LENGTH>5</LENGTH>
    <PAGE>1</PAGE>
    <LINE>2</LINE>
    <PLACE_IN_LINE>7</PLACE_IN_LINE>
    </Row>
  <Row>
    <WORD_ID>ed6981d2-9e74-11ef-81d5-4a2503bc320a</WORD_ID>
    <ARTICLE_ID>803dea04-cf7e-11ef-95ec-acde48001122</ARTICLE_ID>
    <LENGTH>8</LENGTH>
    <PAGE>1</PAGE>
    <LINE>2</LINE>
    <PLACE_IN_LINE>8</PLACE_IN_LINE>
    </Row>
  <Row>
    <WORD_ID>ed6ff594-9e74-11ef-81d5-4a2503bc320a</WORD_ID>
    <ARTICLE_ID>803dea04-cf7e-11ef-95ec-acde48001122</ARTICLE_ID>
    <LENGTH>10</LENGTH>
    <PAGE>1</PAGE>
    <LINE>3</LINE>
    <PLACE_IN_LINE>1</PLACE_IN_LINE>
    </Row>
  <Row>
    <WORD_ID>ed76739c-9e74-11ef-81d5-4a2503bc320a</WORD_ID>
    <ARTICLE_ID>803dea04-cf7e-11ef-95ec-acde48001122</ARTICLE_ID>
    <LENGTH>3</LENGTH>
    <PAGE>1</PAGE>
    <LINE>3</LINE>
    <PLACE_IN_LINE>2</PLACE_IN_LINE>
    </Row>
  <Row>
    <WORD_ID>ed7cb536-9e74-11ef-81d5-4a2503bc320a</WORD_ID>
    <ARTICLE_ID>803dea04-cf7e-11ef-95ec-acde48001122</ARTICLE_ID>
    <LENGTH>4</LENGTH>
    <PAGE>1</PAGE>
    <LINE>3</LINE>
    <PLACE_IN_LINE>3</PLACE_IN_LINE>
    </Row>
  <Row>
    <WORD_ID>ed832ef2-9e74-11ef-81d5-4a2503bc320a</WORD_ID>
    <ARTICLE_ID>803dea04-cf7e-11ef-95ec-acde48001122</ARTICLE_ID>
    <LENGTH>6</LENGTH>
    <PAGE>1</PAGE>
    <LINE>3</LINE>
    <PLACE_IN_LINE>4</PLACE_IN_LINE>
    </Row>
  <Row>
    <WORD_ID>ed8987a2-9e74-11ef-81d5-4a2503bc320a</WORD_ID>
    <ARTICLE_ID>803dea04-cf7e-11ef-95ec-acde48001122</ARTICLE_ID>
    <LENGTH>2</LENGTH>
    <PAGE>1</PAGE>
    <LINE>3</LINE>
    <PLACE_IN_LINE>5</PLACE_IN_LINE>
    </Row>
  <Row>
    <WORD_ID>ed2c1f5e-9e74-11ef-81d5-4a2503bc320a</WORD_ID>
    <ARTICLE_ID>803dea04-cf7e-11ef-95ec-acde48001122</ARTICLE_ID>
    <LENGTH>3</LENGTH>
    <PAGE>1</PAGE>
    <LINE>3</LINE>
    <PLACE_IN_LINE>6</PLACE_IN_LINE>
    </Row>
  <Row>
    <WORD_ID>ed949b7e-9e74-11ef-81d5-4a2503bc320a</WORD_ID>
    <ARTICLE_ID>803dea04-cf7e-11ef-95ec-acde48001122</ARTICLE_ID>
    <LENGTH>5</LENGTH>
    <PAGE>1</PAGE>
    <LINE>3</LINE>
    <PLACE_IN_LINE>7</PLACE_IN_LINE>
    </Row>
  <Row>
    <WORD_ID>ece54944-9e74-11ef-81d5-4a2503bc320a</WORD_ID>
    <ARTICLE_ID>803dea04-cf7e-11ef-95ec-acde48001122</ARTICLE_ID>
    <LENGTH>3</LENGTH>
    <PAGE>1</PAGE>
    <LINE>4</LINE>
    <PLACE_IN_LINE>1</PLACE_IN_LINE>
    </Row>
  <Row>
    <WORD_ID>ed9fa12c-9e74-11ef-81d5-4a2503bc320a</WORD_ID>
    <ARTICLE_ID>803dea04-cf7e-11ef-95ec-acde48001122</ARTICLE_ID>
    <LENGTH>8</LENGTH>
    <PAGE>1</PAGE>
    <LINE>4</LINE>
    <PLACE_IN_LINE>2</PLACE_IN_LINE>
    </Row>
  <Row>
    <WORD_ID>eda5f9b4-9e74-11ef-81d5-4a2503bc320a</WORD_ID>
    <ARTICLE_ID>803dea04-cf7e-11ef-95ec-acde48001122</ARTICLE_ID>
    <LENGTH>4</LENGTH>
    <PAGE>1</PAGE>
    <LINE>4</LINE>
    <PLACE_IN_LINE>3</PLACE_IN_LINE>
    </Row>
  <Row>
    <WORD_ID>ecff380e-9e74-11ef-81d5-4a2503bc320a</WORD_ID>
    <ARTICLE_ID>803dea04-cf7e-11ef-95ec-acde48001122</ARTICLE_ID>
    <LENGTH>4</LENGTH>
    <PAGE>1</PAGE>
    <LINE>4</LINE>
    <PLACE_IN_LINE>4</PLACE_IN_LINE>
    </Row>
  <Row>
    <WORD_ID>edb14c42-9e74-11ef-81d5-4a2503bc320a</WORD_ID>
    <ARTICLE_ID>803dea04-cf7e-11ef-95ec-acde48001122</ARTICLE_ID>
    <LENGTH>4</LENGTH>
    <PAGE>1</PAGE>
    <LINE>4</LINE>
    <PLACE_IN_LINE>5</PLACE_IN_LINE>
    </Row>
  <Row>
    <WORD_ID>edb7b370-9e74-11ef-81d5-4a2503bc320a</WORD_ID>
    <ARTICLE_ID>803dea04-cf7e-11ef-95ec-acde48001122</ARTICLE_ID>
    <LENGTH>2</LENGTH>
    <PAGE>1</PAGE>
    <LINE>4</LINE>
    <PLACE_IN_LINE>6</PLACE_IN_LINE>
    </Row>
  <Row>
    <WORD_ID>ed2c1f5e-9e74-11ef-81d5-4a2503bc320a</WORD_ID>
    <ARTICLE_ID>803dea04-cf7e-11ef-95ec-acde48001122</ARTICLE_ID>
    <LENGTH>3</LENGTH>
    <PAGE>1</PAGE>
    <LINE>4</LINE>
    <PLACE_IN_LINE>7</PLACE_IN_LINE>
    </Row>
  <Row>
    <WORD_ID>ed12cd2e-9e74-11ef-81d5-4a2503bc320a</WORD_ID>
    <ARTICLE_ID>803dea04-cf7e-11ef-95ec-acde48001122</ARTICLE_ID>
    <LENGTH>11</LENGTH>
    <PAGE>1</PAGE>
    <LINE>4</LINE>
    <PLACE_IN_LINE>8</PLACE_IN_LINE>
    </Row>
  <Row>
    <WORD_ID>ed193f7e-9e74-11ef-81d5-4a2503bc320a</WORD_ID>
    <ARTICLE_ID>803dea04-cf7e-11ef-95ec-acde48001122</ARTICLE_ID>
    <LENGTH>4</LENGTH>
    <PAGE>1</PAGE>
    <LINE>4</LINE>
    <PLACE_IN_LINE>9</PLACE_IN_LINE>
    </Row>
  <Row>
    <WORD_ID>edcbf1f0-9e74-11ef-81d5-4a2503bc320a</WORD_ID>
    <ARTICLE_ID>803dea04-cf7e-11ef-95ec-acde48001122</ARTICLE_ID>
    <LENGTH>12</LENGTH>
    <PAGE>1</PAGE>
    <LINE>4</LINE>
    <PLACE_IN_LINE>10</PLACE_IN_LINE>
    </Row>
  <Row>
    <WORD_ID>edd24c6c-9e74-11ef-81d5-4a2503bc320a</WORD_ID>
    <ARTICLE_ID>803dea04-cf7e-11ef-95ec-acde48001122</ARTICLE_ID>
    <LENGTH>5</LENGTH>
    <PAGE>1</PAGE>
    <LINE>5</LINE>
    <PLACE_IN_LINE>1</PLACE_IN_LINE>
    </Row>
  <Row>
    <WORD_ID>edd98edc-9e74-11ef-81d5-4a2503bc320a</WORD_ID>
    <ARTICLE_ID>803dea04-cf7e-11ef-95ec-acde48001122</ARTICLE_ID>
    <LENGTH>6</LENGTH>
    <PAGE>1</PAGE>
    <LINE>5</LINE>
    <PLACE_IN_LINE>2</PLACE_IN_LINE>
    </Row>
  <Row>
    <WORD_ID>ede0ac4e-9e74-11ef-81d5-4a2503bc320a</WORD_ID>
    <ARTICLE_ID>803dea04-cf7e-11ef-95ec-acde48001122</ARTICLE_ID>
    <LENGTH>6</LENGTH>
    <PAGE>1</PAGE>
    <LINE>5</LINE>
    <PLACE_IN_LINE>3</PLACE_IN_LINE>
    </Row>
  <Row>
    <WORD_ID>ede80520-9e74-11ef-81d5-4a2503bc320a</WORD_ID>
    <ARTICLE_ID>803dea04-cf7e-11ef-95ec-acde48001122</ARTICLE_ID>
    <LENGTH>6</LENGTH>
    <PAGE>1</PAGE>
    <LINE>5</LINE>
    <PLACE_IN_LINE>4</PLACE_IN_LINE>
    </Row>
  <Row>
    <WORD_ID>edef033e-9e74-11ef-81d5-4a2503bc320a</WORD_ID>
    <ARTICLE_ID>803dea04-cf7e-11ef-95ec-acde48001122</ARTICLE_ID>
    <LENGTH>7</LENGTH>
    <PAGE>1</PAGE>
    <LINE>5</LINE>
    <PLACE_IN_LINE>5</PLACE_IN_LINE>
    </Row>
  <Row>
    <WORD_ID>edf613cc-9e74-11ef-81d5-4a2503bc320a</WORD_ID>
    <ARTICLE_ID>803dea04-cf7e-11ef-95ec-acde48001122</ARTICLE_ID>
    <LENGTH>10</LENGTH>
    <PAGE>1</PAGE>
    <LINE>5</LINE>
    <PLACE_IN_LINE>6</PLACE_IN_LINE>
    </Row>
  </Root>
