<?xml version='1.0' encoding='utf-8'?>
<Root>
  <Row>
    <ARTICLE_ID>ecc0f170-9e74-11ef-81d5-4a2503bc320a</ARTICLE_ID>
    <ARTICLE_NAME>Idf</ARTICLE_NAME>
    <NEWSPAPER>Ch 12</NEWSPAPER>
    <DATE_PUBLISHED>2023-10-07 00:00:00</DATE_PUBLISHED>
    <AUTHOR>shmolik hanan</AUTHOR>
    <SUBJECT>Iron Beam</SUBJECT>
    </Row>
  <Row>
    <ARTICLE_ID>c1908c12-cf85-11ef-95ec-acde48001122</ARTICLE_ID>
    <ARTICLE_NAME>Iran</ARTICLE_NAME>
    <NEWSPAPER>dsfdsf</NEWSPAPER>
    <DATE_PUBLISHED>2023-05-12 00:00:00</DATE_PUBLISHED>
    <AUTHOR>vcbcvb</AUTHOR>
    <SUBJECT>cvbcvbcvbcvbcvb</SUBJECT>
    </Row>
  <Row>
    <ARTICLE_ID>803dea04-cf7e-11ef-95ec-acde48001122</ARTICLE_ID>
    <ARTICLE_NAME>Idf</ARTICLE_NAME>
    <NEWSPAPER>zxvc</NEWSPAPER>
    <DATE_PUBLISHED>2025-12-12 00:00:00</DATE_PUBLISHED>
    <AUTHOR>xcv</AUTHOR>
    <SUBJECT>xvxxxxxxxx</SUBJECT>
    </Row>
  <Row>
    <ARTICLE_ID>95d992c8-d019-11ef-b698-acde48001122</ARTICLE_ID>
    <ARTICLE_NAME>Art2</ARTICLE_NAME>
    <NEWSPAPER>sdfdsf</NEWSPAPER>
    <DATE_PUBLISHED>2025-02-12 00:00:00</DATE_PUBLISHED>
    <AUTHOR>dfgfdg</AUTHOR>
    <SUBJECT>jjjjbvbbbb</SUBJECT>
    </Row>
  <Row>
    <ARTICLE_ID>f49a76d0-d02b-11ef-b698-acde48001122</ARTICLE_ID>
    <ARTICLE_NAME>Art3</ARTICLE_NAME>
    <NEWSPAPER>Haifa Haifa</NEWSPAPER>
    <DATE_PUBLISHED>2023-11-10 00:00:00</DATE_PUBLISHED>
    <AUTHOR>EitanG</AUTHOR>
    <SUBJECT>Haifa</SUBJECT>
    </Row>
  </Root>
