<?xml version='1.0' encoding='utf-8'?>
<Root>
  <Row>
    <GROUP_ID>8cb4c946-9ece-11ef-ad5e-4a2503bc320a</GROUP_ID>
    <GROUP_NAME>jkhkjh</GROUP_NAME>
    </Row>
  <Row>
    <GROUP_ID>648a86ec-9e86-11ef-a6d4-4a2503bc320a</GROUP_ID>
    <GROUP_NAME>popo chichi 2</GROUP_NAME>
    </Row>
  <Row>
    <GROUP_ID>d506688a-9ece-11ef-ad5e-4a2503bc320a</GROUP_ID>
    <GROUP_NAME>jhgkjhg</GROUP_NAME>
    </Row>
  <Row>
    <GROUP_ID>8de5955e-9eb8-11ef-8907-4a2503bc320a</GROUP_ID>
    <GROUP_NAME>dsfsdf fff</GROUP_NAME>
    </Row>
  <Row>
    <GROUP_ID>6622b182-9ec7-11ef-b89a-4a2503bc320a</GROUP_ID>
    <GROUP_NAME>fdgfdgh</GROUP_NAME>
    </Row>
  <Row>
    <GROUP_ID>eb192796-9e85-11ef-8f56-4a2503bc320a</GROUP_ID>
    <GROUP_NAME>popo chichi</GROUP_NAME>
    </Row>
  <Row>
    <GROUP_ID>5561de48-9ec9-11ef-bd08-4a2503bc320a</GROUP_ID>
    <GROUP_NAME>fdggdfbg</GROUP_NAME>
    </Row>
  <Row>
    <GROUP_ID>2624f3da-d01b-11ef-b698-acde48001122</GROUP_ID>
    <GROUP_NAME>groupy</GROUP_NAME>
    </Row>
  <Row>
    <GROUP_ID>69833ea2-d01b-11ef-b698-acde48001122</GROUP_ID>
    <GROUP_NAME>groupy2</GROUP_NAME>
    </Row>
  <Row>
    <GROUP_ID>7fa007ec-d03e-11ef-b698-acde48001122</GROUP_ID>
    <GROUP_NAME>jjjjj</GROUP_NAME>
    </Row>
  <Row>
    <GROUP_ID>3bfabd4a-d01e-11ef-b698-acde48001122</GROUP_ID>
    <GROUP_NAME>dfgdfgdfgdfg2</GROUP_NAME>
    </Row>
  <Row>
    <GROUP_ID>5830dcce-d37a-11ef-aa02-acde48001122</GROUP_ID>
    <GROUP_NAME>gggggggggggg</GROUP_NAME>
    </Row>
  <Row>
    <GROUP_ID>8e838c60-d01c-11ef-b698-acde48001122</GROUP_ID>
    <GROUP_NAME>dfgdfgdfgdfg</GROUP_NAME>
    </Row>
  </Root>
