<?xml version='1.0' encoding='utf-8'?>
<Root>
  <Row>
    <WORD_ID>ed6ff594-9e74-11ef-81d5-4a2503bc320a</WORD_ID>
    <GROUP_ID>8cb4c946-9ece-11ef-ad5e-4a2503bc320a</GROUP_ID>
    </Row>
  <Row>
    <WORD_ID>ed1f9bf8-9e74-11ef-81d5-4a2503bc320a</WORD_ID>
    <GROUP_ID>648a86ec-9e86-11ef-a6d4-4a2503bc320a</GROUP_ID>
    </Row>
  <Row>
    <WORD_ID>ed0c5656-9e74-11ef-81d5-4a2503bc320a</WORD_ID>
    <GROUP_ID>648a86ec-9e86-11ef-a6d4-4a2503bc320a</GROUP_ID>
    </Row>
  <Row>
    <WORD_ID>ed7cb536-9e74-11ef-81d5-4a2503bc320a</WORD_ID>
    <GROUP_ID>6622b182-9ec7-11ef-b89a-4a2503bc320a</GROUP_ID>
    </Row>
  <Row>
    <WORD_ID>ed3f0d1c-9e74-11ef-81d5-4a2503bc320a</WORD_ID>
    <GROUP_ID>6622b182-9ec7-11ef-b89a-4a2503bc320a</GROUP_ID>
    </Row>
  <Row>
    <WORD_ID>ed4ba338-9e74-11ef-81d5-4a2503bc320a</WORD_ID>
    <GROUP_ID>5561de48-9ec9-11ef-bd08-4a2503bc320a</GROUP_ID>
    </Row>
  <Row>
    <WORD_ID>ed193f7e-9e74-11ef-81d5-4a2503bc320a</WORD_ID>
    <GROUP_ID>5561de48-9ec9-11ef-bd08-4a2503bc320a</GROUP_ID>
    </Row>
  <Row>
    <WORD_ID>ed5870d6-9e74-11ef-81d5-4a2503bc320a</WORD_ID>
    <GROUP_ID>d506688a-9ece-11ef-ad5e-4a2503bc320a</GROUP_ID>
    </Row>
  <Row>
    <WORD_ID>ed7cb536-9e74-11ef-81d5-4a2503bc320a</WORD_ID>
    <GROUP_ID>d506688a-9ece-11ef-ad5e-4a2503bc320a</GROUP_ID>
    </Row>
  <Row>
    <WORD_ID>ed5870d6-9e74-11ef-81d5-4a2503bc320a</WORD_ID>
    <GROUP_ID>5561de48-9ec9-11ef-bd08-4a2503bc320a</GROUP_ID>
    </Row>
  <Row>
    <WORD_ID>ed2c1f5e-9e74-11ef-81d5-4a2503bc320a</WORD_ID>
    <GROUP_ID>5561de48-9ec9-11ef-bd08-4a2503bc320a</GROUP_ID>
    </Row>
  <Row>
    <WORD_ID>ed3f0d1c-9e74-11ef-81d5-4a2503bc320a</WORD_ID>
    <GROUP_ID>5561de48-9ec9-11ef-bd08-4a2503bc320a</GROUP_ID>
    </Row>
  <Row>
    <WORD_ID>ed635ffa-9e74-11ef-81d5-4a2503bc320a</WORD_ID>
    <GROUP_ID>8de5955e-9eb8-11ef-8907-4a2503bc320a</GROUP_ID>
    </Row>
  <Row>
    <WORD_ID>ed12cd2e-9e74-11ef-81d5-4a2503bc320a</WORD_ID>
    <GROUP_ID>8de5955e-9eb8-11ef-8907-4a2503bc320a</GROUP_ID>
    </Row>
  <Row>
    <WORD_ID>ed0c5656-9e74-11ef-81d5-4a2503bc320a</WORD_ID>
    <GROUP_ID>8de5955e-9eb8-11ef-8907-4a2503bc320a</GROUP_ID>
    </Row>
  <Row>
    <WORD_ID>ed635ffa-9e74-11ef-81d5-4a2503bc320a</WORD_ID>
    <GROUP_ID>eb192796-9e85-11ef-8f56-4a2503bc320a</GROUP_ID>
    </Row>
  <Row>
    <WORD_ID>ecff380e-9e74-11ef-81d5-4a2503bc320a</WORD_ID>
    <GROUP_ID>eb192796-9e85-11ef-8f56-4a2503bc320a</GROUP_ID>
    </Row>
  <Row>
    <WORD_ID>ed9fa12c-9e74-11ef-81d5-4a2503bc320a</WORD_ID>
    <GROUP_ID>eb192796-9e85-11ef-8f56-4a2503bc320a</GROUP_ID>
    </Row>
  <Row>
    <WORD_ID>ece54944-9e74-11ef-81d5-4a2503bc320a</WORD_ID>
    <GROUP_ID>8cb4c946-9ece-11ef-ad5e-4a2503bc320a</GROUP_ID>
    </Row>
  <Row>
    <WORD_ID>ecf8d888-9e74-11ef-81d5-4a2503bc320a</WORD_ID>
    <GROUP_ID>8cb4c946-9ece-11ef-ad5e-4a2503bc320a</GROUP_ID>
    </Row>
  <Row>
    <WORD_ID>ed832ef2-9e74-11ef-81d5-4a2503bc320a</WORD_ID>
    <GROUP_ID>2624f3da-d01b-11ef-b698-acde48001122</GROUP_ID>
    </Row>
  <Row>
    <WORD_ID>ed6ff594-9e74-11ef-81d5-4a2503bc320a</WORD_ID>
    <GROUP_ID>2624f3da-d01b-11ef-b698-acde48001122</GROUP_ID>
    </Row>
  <Row>
    <WORD_ID>ed76739c-9e74-11ef-81d5-4a2503bc320a</WORD_ID>
    <GROUP_ID>2624f3da-d01b-11ef-b698-acde48001122</GROUP_ID>
    </Row>
  <Row>
    <WORD_ID>9641ca96-d019-11ef-b698-acde48001122</WORD_ID>
    <GROUP_ID>7fa007ec-d03e-11ef-b698-acde48001122</GROUP_ID>
    </Row>
  <Row>
    <WORD_ID>962c4d38-d019-11ef-b698-acde48001122</WORD_ID>
    <GROUP_ID>7fa007ec-d03e-11ef-b698-acde48001122</GROUP_ID>
    </Row>
  <Row>
    <WORD_ID>edef033e-9e74-11ef-81d5-4a2503bc320a</WORD_ID>
    <GROUP_ID>8de5955e-9eb8-11ef-8907-4a2503bc320a</GROUP_ID>
    </Row>
  <Row>
    <WORD_ID>962c4d38-d019-11ef-b698-acde48001122</WORD_ID>
    <GROUP_ID>8de5955e-9eb8-11ef-8907-4a2503bc320a</GROUP_ID>
    </Row>
  <Row>
    <WORD_ID>c1fd58ba-cf85-11ef-95ec-acde48001122</WORD_ID>
    <GROUP_ID>8de5955e-9eb8-11ef-8907-4a2503bc320a</GROUP_ID>
    </Row>
  <Row>
    <WORD_ID>9603b328-d019-11ef-b698-acde48001122</WORD_ID>
    <GROUP_ID>2624f3da-d01b-11ef-b698-acde48001122</GROUP_ID>
    </Row>
  <Row>
    <WORD_ID>edef033e-9e74-11ef-81d5-4a2503bc320a</WORD_ID>
    <GROUP_ID>2624f3da-d01b-11ef-b698-acde48001122</GROUP_ID>
    </Row>
  <Row>
    <WORD_ID>edef033e-9e74-11ef-81d5-4a2503bc320a</WORD_ID>
    <GROUP_ID>5830dcce-d37a-11ef-aa02-acde48001122</GROUP_ID>
    </Row>
  <Row>
    <WORD_ID>960ab8b2-d019-11ef-b698-acde48001122</WORD_ID>
    <GROUP_ID>5830dcce-d37a-11ef-aa02-acde48001122</GROUP_ID>
    </Row>
  <Row>
    <WORD_ID>ed6ff594-9e74-11ef-81d5-4a2503bc320a</WORD_ID>
    <GROUP_ID>5830dcce-d37a-11ef-aa02-acde48001122</GROUP_ID>
    </Row>
  <Row>
    <WORD_ID>96772f24-d019-11ef-b698-acde48001122</WORD_ID>
    <GROUP_ID>69833ea2-d01b-11ef-b698-acde48001122</GROUP_ID>
    </Row>
  <Row>
    <WORD_ID>966fd404-d019-11ef-b698-acde48001122</WORD_ID>
    <GROUP_ID>69833ea2-d01b-11ef-b698-acde48001122</GROUP_ID>
    </Row>
  <Row>
    <WORD_ID>962c4d38-d019-11ef-b698-acde48001122</WORD_ID>
    <GROUP_ID>69833ea2-d01b-11ef-b698-acde48001122</GROUP_ID>
    </Row>
  <Row>
    <WORD_ID>96a855b8-d019-11ef-b698-acde48001122</WORD_ID>
    <GROUP_ID>7fa007ec-d03e-11ef-b698-acde48001122</GROUP_ID>
    </Row>
  </Root>
